market,period,window,horizon,tail_prob,spec_name,dependent,spec,n_obs,r2,adj_r2,aic,bic,param,coef,std_err_hac,t_hac,pvalue_hac
shares,baseline_2018,504,21,0.025,dq_dr,future_tail_event,dq_es+dr_es_concentration,76,0.1441123286939297,0.1206633513978729,101.048110084455,108.040310105314,dq_es,1.0792066847590265,0.2772602394210577,3.892396136613383,9.925899793882345e-05
shares,baseline_2018,504,21,0.025,dq_dr,future_tail_event,dq_es+dr_es_concentration,76,0.1441123286939297,0.1206633513978729,101.048110084455,108.040310105314,dr_es_concentration,-2.3921034475777048,0.4213966310677913,-5.676607906229037,1.3739190035855372e-08
shares,baseline_2018,504,21,0.025,dq_dr_current_es,future_tail_event,dq_es+dr_es_concentration+current_es,76,0.1451167223149797,0.1094965857447705,102.9588708744775,112.2818042356228,dq_es,0.9243535388775664,0.6562866400194579,1.408460088186712,0.1589948772773793
shares,baseline_2018,504,21,0.025,dq_dr_current_es,future_tail_event,dq_es+dr_es_concentration+current_es,76,0.1451167223149797,0.1094965857447705,102.9588708744775,112.2818042356228,dr_es_concentration,-2.756847724404297,1.1355049287181698,-2.427860641271194,0.015188178059081
shares,baseline_2018,504,21,0.025,dq_only,future_tail_event,dq_es,76,0.0370569292330881,0.0240441850335352,108.00510156685172,112.66656824742438,dq_es,0.5014759505315229,0.2985355609306733,1.6797863174765195,0.0929988982320601
shares,baseline_2018,504,21,0.025,dr_only,future_tail_event,dr_es_concentration,76,0.0265149504516132,0.0133597470793376,108.83260277303629,113.49406945360892,dr_es_concentration,-0.9854410918646412,0.6535063539351722,-1.5079288608759216,0.1315727351381365
shares,baseline_2018,504,21,0.025,full,future_tail_event,dq_es+dr_es_concentration+current_es+current_rv_ann+current_hill_alpha+n_assets+regime_covid+regime_2022_2023+regime_post_2024+near_2022_trade_break,76,0.2373809060541858,0.1333873932433928,106.27919532551462,129.5865287283779,dq_es,1.133336691008453,2.392729465170029,0.4736585173986301,0.6357434392104726
shares,baseline_2018,504,21,0.025,full,future_tail_event,dq_es+dr_es_concentration+current_es+current_rv_ann+current_hill_alpha+n_assets+regime_covid+regime_2022_2023+regime_post_2024+near_2022_trade_break,76,0.2373809060541858,0.1333873932433928,106.27919532551462,129.5865287283779,dr_es_concentration,-4.3117557940554585,1.063982962281429,-4.052466953803511,5.068038437315498e-05
shares,baseline_2018,504,21,0.05,dq_dr,future_tail_event,dq_es+dr_es_concentration,76,0.0974323705147877,0.0727044902549187,105.90568024126677,112.89788026212577,dq_es,0.6415521309035541,0.3697905325069682,1.7349068580912488,0.0827573042334781
shares,baseline_2018,504,21,0.05,dq_dr,future_tail_event,dq_es+dr_es_concentration,76,0.0974323705147877,0.0727044902549187,105.90568024126677,112.89788026212577,dr_es_concentration,-1.563736563326671,0.4582788926252773,-3.412194164930257,0.0006444219402933
shares,baseline_2018,504,21,0.05,dq_dr_current_es,future_tail_event,dq_es+dr_es_concentration+current_es,76,0.1035804294798171,0.066229614041476,107.38621651142236,116.70914987256768,dq_es,0.9702132049416744,0.5591734217651959,1.7350846216526352,0.0827258177643579
shares,baseline_2018,504,21,0.05,dq_dr_current_es,future_tail_event,dq_es+dr_es_concentration+current_es,76,0.1035804294798171,0.066229614041476,107.38621651142236,116.70914987256768,dr_es_concentration,-0.4601588022950917,1.357286038204098,-0.3390286124978888,0.7345881756136913
shares,baseline_2018,504,21,0.05,dq_only,future_tail_event,dq_es,76,0.0170675485281601,0.0037846775623243,110.3882353659694,115.04970204654208,dq_es,0.4351940245751473,0.4340934179838694,1.002535414142858,0.3160850713334693
shares,baseline_2018,504,21,0.05,dr_only,future_tail_event,dr_es_concentration,76,0.0620317297633609,0.0493564828682711,106.82959011032368,111.49105679089634,dr_es_concentration,-1.3421730165024697,0.4240486310063202,-3.1651393693155567,0.0015500868364165
shares,baseline_2018,504,21,0.05,full,future_tail_event,dq_es+dr_es_concentration+current_es+current_rv_ann+current_hill_alpha+n_assets+regime_covid+regime_2022_2023+regime_post_2024+near_2022_trade_break,76,0.1608969968144887,0.0464738600164644,114.36450844667368,137.67184184953695,dq_es,2.7148965203493662,1.6662887655452232,1.629307342452753,0.1032479725789974
shares,baseline_2018,504,21,0.05,full,future_tail_event,dq_es+dr_es_concentration+current_es+current_rv_ann+current_hill_alpha+n_assets+regime_covid+regime_2022_2023+regime_post_2024+near_2022_trade_break,76,0.1608969968144887,0.0464738600164644,114.36450844667368,137.67184184953695,dr_es_concentration,-2.0384388150970407,1.7765492893571488,-1.1474147254505151,0.2512102581095523
shares,baseline_2018,504,63,0.025,dq_dr,future_tail_event,dq_es+dr_es_concentration,74,0.2028176263320668,0.180361784820294,79.09656352083479,86.00875880044731,dq_es,1.2938928239564755,0.4716794125743446,2.7431615403662257,0.0060850742270763
shares,baseline_2018,504,63,0.025,dq_dr,future_tail_event,dq_es+dr_es_concentration,74,0.2028176263320668,0.180361784820294,79.09656352083479,86.00875880044731,dr_es_concentration,-1.930043874328626,0.7895534372001158,-2.4444752988130527,0.0145063014018013
shares,baseline_2018,504,63,0.025,dq_dr_current_es,future_tail_event,dq_es+dr_es_concentration+current_es,74,0.2234098647179216,0.1901274303486897,79.15992705735027,88.37618743016695,dq_es,0.6697454862119621,0.8815581611718276,0.7597292109708228,0.4474164642672271
shares,baseline_2018,504,63,0.025,dq_dr_current_es,future_tail_event,dq_es+dr_es_concentration+current_es,74,0.2234098647179216,0.1901274303486897,79.15992705735027,88.37618743016695,dr_es_concentration,-3.422271898540332,1.6165159382765228,-2.117066598297229,0.034254196001364
shares,baseline_2018,504,63,0.025,dq_only,future_tail_event,dq_es,74,0.1175442766036769,0.1052879471120613,84.6168237303832,89.22495391679155,dq_es,0.8125221435077569,0.347467186023575,2.33841403214584,0.0193657805129341
shares,baseline_2018,504,63,0.025,dr_only,future_tail_event,dr_es_concentration,74,0.0019320848519606,-0.0119299695250953,93.72716423239804,98.3352944188064,dr_es_concentration,-0.2384976560969482,0.6118258418404136,-0.3898129823668956,0.6966748431633668
shares,baseline_2018,504,63,0.025,full,future_tail_event,dq_es+dr_es_concentration+current_es+current_rv_ann+current_hill_alpha+n_assets+regime_covid+regime_2022_2023+regime_post_2024+near_2022_trade_break,74,0.3478246571355043,0.2561124995451846,78.23958194847947,101.28023288052115,dq_es,-0.0716847872264576,1.7846057068203511,-0.0401684175683709,0.9679588564289032
shares,baseline_2018,504,63,0.025,full,future_tail_event,dq_es+dr_es_concentration+current_es+current_rv_ann+current_hill_alpha+n_assets+regime_covid+regime_2022_2023+regime_post_2024+near_2022_trade_break,74,0.3478246571355043,0.2561124995451846,78.23958194847947,101.28023288052115,dr_es_concentration,-5.136390188497911,1.915891813699493,-2.6809395769481337,0.0073415770810851
shares,baseline_2018,504,63,0.05,dq_dr,future_tail_event,dq_es+dr_es_concentration,74,0.1259347775112849,0.1013132219482225,1.4631351983979073,8.375330478010419,dq_es,0.5317908006444481,0.3814210314389225,1.394235652497323,0.163246455049151
shares,baseline_2018,504,63,0.05,dq_dr,future_tail_event,dq_es+dr_es_concentration,74,0.1259347775112849,0.1013132219482225,1.4631351983979073,8.375330478010419,dr_es_concentration,-0.733726141005677,0.3952626072405184,-1.856300412852366,0.0634107502890973
shares,baseline_2018,504,63,0.05,dq_dr_current_es,future_tail_event,dq_es+dr_es_concentration+current_es,74,0.1261433341700026,0.0886923342058598,3.445476293933723,12.661736666750404,dq_es,0.5013579710396322,0.3418668978043174,1.4665297349923787,0.1425040265747471
shares,baseline_2018,504,63,0.05,dq_dr_current_es,future_tail_event,dq_es+dr_es_concentration+current_es,74,0.1261433341700026,0.0886923342058598,3.445476293933723,12.661736666750404,dr_es_concentration,-0.8362493694692945,0.6057998323355261,-1.3804054158373098,0.1674618535982577
shares,baseline_2018,504,63,0.05,dq_only,future_tail_event,dq_es,74,0.0579051979701255,0.0448205479419328,5.009502572865813,9.617632759274152,dq_es,0.4173795698235473,0.361116666880347,1.1558025649418238,0.2477619236638726
shares,baseline_2018,504,63,0.05,dr_only,future_tail_event,dr_es_concentration,74,0.0375835998256767,0.0242167053788111,6.588758537382461,11.1968887237908,dr_es_concentration,-0.5287155083910419,0.3072801695524867,-1.7206300984572047,0.0853179681423257
shares,baseline_2018,504,63,0.05,full,future_tail_event,dq_es+dr_es_concentration+current_es+current_rv_ann+current_hill_alpha+n_assets+regime_covid+regime_2022_2023+regime_post_2024+near_2022_trade_break,74,0.269121867473879,0.1663421300873933,2.2239235393109595,25.26457447135266,dq_es,3.062046807015496,1.2815085420856156,2.389408034715172,0.0168755482506293
shares,baseline_2018,504,63,0.05,full,future_tail_event,dq_es+dr_es_concentration+current_es+current_rv_ann+current_hill_alpha+n_assets+regime_covid+regime_2022_2023+regime_post_2024+near_2022_trade_break,74,0.269121867473879,0.1663421300873933,2.2239235393109595,25.26457447135266,dr_es_concentration,-3.0595109792832687,1.4294016817951367,-2.140413725721193,0.032321346253493
shares,baseline_2018,756,21,0.025,dq_dr,future_tail_event,dq_es+dr_es_concentration,64,0.136311814864494,0.1079941694502151,85.39204556806155,91.86869481814055,dq_es,1.2939642994429943,0.2826682993482758,4.577677448891076,4.701669113418884e-06
shares,baseline_2018,756,21,0.025,dq_dr,future_tail_event,dq_es+dr_es_concentration,64,0.136311814864494,0.1079941694502151,85.39204556806155,91.86869481814055,dr_es_concentration,-3.162260495732884,1.1514114324384908,-2.746420963561011,0.0060249400977623
shares,baseline_2018,756,21,0.025,dq_dr_current_es,future_tail_event,dq_es+dr_es_concentration+current_es,64,0.1432585525833739,0.1004214802125426,86.87520533026232,95.510737663701,dq_es,1.8024665606014376,0.8288765081113676,2.1745899937596724,0.0296608548383001
shares,baseline_2018,756,21,0.025,dq_dr_current_es,future_tail_event,dq_es+dr_es_concentration+current_es,64,0.1432585525833739,0.1004214802125426,86.87520533026232,95.510737663701,dr_es_concentration,-0.6537962660363208,3.4150300190806515,-0.1914467112685372,0.8481756264918348
shares,baseline_2018,756,21,0.025,dq_only,future_tail_event,dq_es,64,0.0223052821487637,0.0065360125060018,91.32712813052316,95.64489429724247,dq_es,0.4065274832190672,0.3341376490513986,1.216646745355335,0.2237386491715668
shares,baseline_2018,756,21,0.025,dr_only,future_tail_event,dr_es_concentration,64,0.0193646878859455,0.0035479893034608,91.51933084547656,95.8370970121959,dr_es_concentration,-0.9375545797831936,0.9195322676885704,-1.0195994341122208,0.3079184734969479
shares,baseline_2018,756,21,0.025,full,future_tail_event,dq_es+dr_es_concentration+current_es+current_rv_ann+current_hill_alpha+n_assets+regime_covid+regime_2022_2023+regime_post_2024+near_2022_trade_break,64,0.2050410785313883,0.0894106899541357,92.08507823234665,111.51502598258368,dq_es,0.2531293137471153,1.7922885285671857,0.1412324576721334,0.8876863055411228
shares,baseline_2018,756,21,0.025,full,future_tail_event,dq_es+dr_es_concentration+current_es+current_rv_ann+current_hill_alpha+n_assets+regime_covid+regime_2022_2023+regime_post_2024+near_2022_trade_break,64,0.2050410785313883,0.0894106899541357,92.08507823234665,111.51502598258368,dr_es_concentration,-3.3386870066386325,7.496421817776634,-0.4453707499118365,0.6560518467309215
shares,baseline_2018,756,21,0.05,dq_dr,future_tail_event,dq_es+dr_es_concentration,64,0.0904737676432544,0.0606532354348364,90.54157815111766,97.01822740119668,dq_es,0.8859696287690852,0.5257176366754988,1.685257573574526,0.0919388874217757
shares,baseline_2018,756,21,0.05,dq_dr,future_tail_event,dq_es+dr_es_concentration,64,0.0904737676432544,0.0606532354348364,90.54157815111766,97.01822740119668,dr_es_concentration,-1.8638395245408943,0.7957218649189041,-2.3423253861835853,0.0191639990575136
shares,baseline_2018,756,21,0.05,dq_dr_current_es,future_tail_event,dq_es+dr_es_concentration+current_es,64,0.1053358394324974,0.0606026314041222,91.48715051015768,100.12268284359637,dq_es,1.6799875424045705,0.8354538266561196,2.010868211746271,0.0443393788125965
shares,baseline_2018,756,21,0.05,dq_dr_current_es,future_tail_event,dq_es+dr_es_concentration+current_es,64,0.1053358394324974,0.0606026314041222,91.48715051015768,100.12268284359637,dr_es_concentration,1.648586222694339,3.0297548025616825,0.5441318951950983,0.5863507134158806
shares,baseline_2018,756,21,0.05,dq_only,future_tail_event,dq_es,64,0.0089197275022311,-0.0070654381832166,94.03736646506536,98.3551326317847,dq_es,0.3645257604566327,0.5506461308061356,0.6619964076075027,0.5079735239847646
shares,baseline_2018,756,21,0.05,dr_only,future_tail_event,dr_es_concentration,64,0.0474189754674549,0.0320547653943494,91.50166316574638,95.81942933246572,dr_es_concentration,-1.2847132563230808,0.7190405449750985,-1.7867048879247447,0.0739851986658293
shares,baseline_2018,756,21,0.05,full,future_tail_event,dq_es+dr_es_concentration+current_es+current_rv_ann+current_hill_alpha+n_assets+regime_covid+regime_2022_2023+regime_post_2024+near_2022_trade_break,64,0.1655173216350722,0.0441380229638099,97.03041948414536,116.4603672343824,dq_es,-1.145991253329008,6.421277425697236,-0.1784677996846669,0.8583556073410451
shares,baseline_2018,756,21,0.05,full,future_tail_event,dq_es+dr_es_concentration+current_es+current_rv_ann+current_hill_alpha+n_assets+regime_covid+regime_2022_2023+regime_post_2024+near_2022_trade_break,64,0.1655173216350722,0.0441380229638099,97.03041948414536,116.4603672343824,dr_es_concentration,10.13888839424527,13.381566435836334,0.7576757506574828,0.4486451193880402
shares,baseline_2018,756,63,0.025,dq_dr,future_tail_event,dq_es+dr_es_concentration,62,0.4394119850843189,0.4204090015278552,43.57630252334823,49.95770567848351,dq_es,2.397264499760128,0.4415752012164834,5.428892956751125,5.6704679354925536e-08
shares,baseline_2018,756,63,0.025,dq_dr,future_tail_event,dq_es+dr_es_concentration,62,0.4394119850843189,0.4204090015278552,43.57630252334823,49.95770567848351,dr_es_concentration,-4.200787142655841,0.976498461142254,-4.301888133793874,1.6934880951455814e-05
shares,baseline_2018,756,63,0.025,dq_dr_current_es,future_tail_event,dq_es+dr_es_concentration+current_es,62,0.4608148428589643,0.4329259554206349,43.162814399116286,51.671351939296656,dq_es,1.6203747713066408,0.9355250927310182,1.732048433437937,0.0832649393359597
shares,baseline_2018,756,63,0.025,dq_dr_current_es,future_tail_event,dq_es+dr_es_concentration+current_es,62,0.4608148428589643,0.4329259554206349,43.162814399116286,51.671351939296656,dr_es_concentration,-8.181146545016219,3.2518796826545957,-2.515820800091144,0.0118755546832089
shares,baseline_2018,756,63,0.025,dq_only,future_tail_event,dq_es,62,0.2008339192245556,0.1875144845449649,63.56041910369965,67.81468787378982,dq_es,1.1302379774375535,0.5039472154124826,2.242770557849893,0.0249116139894815
shares,baseline_2018,756,63,0.025,dr_only,future_tail_event,dr_es_concentration,62,0.000367802750655,-0.0162927338701672,77.43717376776445,81.69144253785463,dr_es_concentration,-0.1149773856118769,0.8653834739901928,-0.1328629319459132,0.8943017829625033
shares,baseline_2018,756,63,0.025,full,future_tail_event,dq_es+dr_es_concentration+current_es+current_rv_ann+current_hill_alpha+n_assets+regime_covid+regime_2022_2023+regime_post_2024+near_2022_trade_break,62,0.5800244749808892,0.5166319429025328,37.67133345664132,56.81554292204714,dq_es,-1.7996942404141998,1.3605367304048348,-1.322782546178442,0.1859077031676649
shares,baseline_2018,756,63,0.025,full,future_tail_event,dq_es+dr_es_concentration+current_es+current_rv_ann+current_hill_alpha+n_assets+regime_covid+regime_2022_2023+regime_post_2024+near_2022_trade_break,62,0.5800244749808892,0.5166319429025328,37.67133345664132,56.81554292204714,dr_es_concentration,-11.977541141336737,6.531641655646628,-1.8337719325098167,0.0666878557422524
shares,baseline_2018,756,63,0.05,dq_dr,future_tail_event,dq_es+dr_es_concentration,62,0.1525538699348133,0.1238268824749766,10.375307232698304,16.75671038783358,dq_es,0.8537281417324476,0.6626761201478136,1.2883037667662127,0.1976402424301618
shares,baseline_2018,756,63,0.05,dq_dr,future_tail_event,dq_es+dr_es_concentration,62,0.1525538699348133,0.1238268824749766,10.375307232698304,16.75671038783358,dr_es_concentration,-1.200679711231189,0.6661852610089094,-1.8023210381640848,0.0714949104069881
shares,baseline_2018,756,63,0.05,dq_dr_current_es,future_tail_event,dq_es+dr_es_concentration+current_es,62,0.153276540837379,0.109480499846209,12.322413356003151,20.83095089618352,dq_es,0.9470951883961743,0.6012233925847184,1.575280004200301,0.1151918273772486
shares,baseline_2018,756,63,0.05,dq_dr_current_es,future_tail_event,dq_es+dr_es_concentration+current_es,62,0.153276540837379,0.109480499846209,12.322413356003151,20.83095089618352,dr_es_concentration,-0.7720588738314569,1.8743401188298652,-0.4119096988189351,0.6804056116674366
shares,baseline_2018,756,63,0.05,dq_only,future_tail_event,dq_es,62,0.0452197374998899,0.0293067331248881,15.769052039277454,20.02332080936764,dq_es,0.4675844915621039,0.555204277913,0.8421845979280693,0.3996846336528806
shares,baseline_2018,756,63,0.05,dr_only,future_tail_event,dr_es_concentration,62,0.0354530089360224,0.0193772257516228,16.400046463518663,20.65431523360885,dr_es_concentration,-0.6081928688338814,0.277461681184552,-2.1919886963755024,0.028380322839593
shares,baseline_2018,756,63,0.05,full,future_tail_event,dq_es+dr_es_concentration+current_es+current_rv_ann+current_hill_alpha+n_assets+regime_covid+regime_2022_2023+regime_post_2024+near_2022_trade_break,62,0.2042335010950549,0.0841178031471386,18.47417583460387,37.61838530000969,dq_es,-0.3106027742840826,2.0238862333533767,-0.1534684950000598,0.8780288333120808
shares,baseline_2018,756,63,0.05,full,future_tail_event,dq_es+dr_es_concentration+current_es+current_rv_ann+current_hill_alpha+n_assets+regime_covid+regime_2022_2023+regime_post_2024+near_2022_trade_break,62,0.2042335010950549,0.0841178031471386,18.47417583460387,37.61838530000969,dr_es_concentration,4.945651216665156,4.178121318280528,1.183702157002109,0.2365309848261167
shares,baseline_2018,1008,21,0.025,dq_dr,future_tail_event,dq_es+dr_es_concentration,52,0.2105563814453127,0.1783341929328764,67.94253532030129,73.79626647604557,dq_es,2.436309264008515,0.5246881828239977,4.643346932068709,3.4280999030587765e-06
shares,baseline_2018,1008,21,0.025,dq_dr,future_tail_event,dq_es+dr_es_concentration,52,0.2105563814453127,0.1783341929328764,67.94253532030129,73.79626647604557,dr_es_concentration,-7.994123632468632,1.423494987012577,-5.615842490071236,1.9560678871093698e-08
shares,baseline_2018,1008,21,0.025,dq_dr_current_es,future_tail_event,dq_es+dr_es_concentration+current_es,52,0.2148286015732229,0.1657553891715493,69.66036350131002,77.46533837563572,dq_es,2.218584467191804,0.7312813145849205,3.033831745654659,0.0024146906033838
shares,baseline_2018,1008,21,0.025,dq_dr_current_es,future_tail_event,dq_es+dr_es_concentration+current_es,52,0.2148286015732229,0.1657553891715493,69.66036350131002,77.46533837563572,dr_es_concentration,-12.314992380733706,6.478599750229849,-1.9008725427584552,0.0573187093011975
shares,baseline_2018,1008,21,0.025,dq_only,future_tail_event,dq_es,52,0.0001004209863895,-0.0198975705938826,78.23150998837846,82.13399742554132,dq_es,-0.0605479372548596,1.0048819203668802,-0.0602537830840401,0.951953510781732
shares,baseline_2018,1008,21,0.025,dr_only,future_tail_event,dr_es_concentration,52,0.1207993143144422,0.103215300600731,71.54214315009531,75.44463058725817,dr_es_concentration,-4.499989503582112,1.2522780502560256,-3.593442768291035,0.0003263373534146
shares,baseline_2018,1008,21,0.025,full,future_tail_event,dq_es+dr_es_concentration+current_es+current_rv_ann+current_hill_alpha+n_assets+regime_covid+regime_2022_2023+regime_post_2024+near_2022_trade_break,52,0.3165466664679033,0.1893925579037921,72.44569329568202,90.00688676291486,dq_es,7.440108929594324,4.990881438276087,1.4907404677126992,0.1360296470605066
shares,baseline_2018,1008,21,0.025,full,future_tail_event,dq_es+dr_es_concentration+current_es+current_rv_ann+current_hill_alpha+n_assets+regime_covid+regime_2022_2023+regime_post_2024+near_2022_trade_break,52,0.3165466664679033,0.1893925579037921,72.44569329568202,90.00688676291486,dr_es_concentration,-31.900858110263776,11.330449300708956,-2.8154980675186208,0.0048701689845012
shares,baseline_2018,1008,21,0.05,dq_dr,future_tail_event,dq_es+dr_es_concentration,52,0.1449920821353437,0.1100937997735209,72.63982653818226,78.49355769392655,dq_es,1.45980731942353,0.9175078230480278,1.5910570817521137,0.1115967300924482
shares,baseline_2018,1008,21,0.05,dq_dr,future_tail_event,dq_es+dr_es_concentration,52,0.1449920821353437,0.1100937997735209,72.63982653818226,78.49355769392655,dr_es_concentration,-4.151213769483345,1.067678760423365,-3.8880737571638777,0.000101042924748
shares,baseline_2018,1008,21,0.05,dq_dr_current_es,future_tail_event,dq_es+dr_es_concentration+current_es,52,0.1699478315492124,0.1180695710210382,73.0994733246304,80.9044481989561,dq_es,0.6268071541562737,1.0285849531564126,0.6093878315376813,0.5422674016279353
shares,baseline_2018,1008,21,0.05,dq_dr_current_es,future_tail_event,dq_es+dr_es_concentration+current_es,52,0.1699478315492124,0.1180695710210382,73.0994733246304,80.9044481989561,dr_es_concentration,-15.205332679057626,7.066423805728134,-2.151771970813863,0.0314153184699949
shares,baseline_2018,1008,21,0.05,dq_only,future_tail_event,dq_es,52,1.5672564523727672e-05,-0.0199840139841858,78.78452812868827,82.68701556585113,dq_es,-0.0320959416273105,1.4297937071044258,-0.0224479527835593,0.9820906291852484
shares,baseline_2018,1008,21,0.05,dr_only,future_tail_event,dr_es_concentration,52,0.1187096337412704,0.1010838264160958,72.21420085693575,76.11668829409861,dr_es_concentration,-3.382103332272427,0.8319599509222441,-4.06522372684322,4.7986407618559455e-05
shares,baseline_2018,1008,21,0.05,full,future_tail_event,dq_es+dr_es_concentration+current_es+current_rv_ann+current_hill_alpha+n_assets+regime_covid+regime_2022_2023+regime_post_2024+near_2022_trade_break,52,0.2559302631974516,0.1174986842574424,77.41307626186216,94.974269729095,dq_es,8.293075511900078,4.215006822929687,1.9675117645802251,0.0491242409711562
shares,baseline_2018,1008,21,0.05,full,future_tail_event,dq_es+dr_es_concentration+current_es+current_rv_ann+current_hill_alpha+n_assets+regime_covid+regime_2022_2023+regime_post_2024+near_2022_trade_break,52,0.2559302631974516,0.1174986842574424,77.41307626186216,94.974269729095,dr_es_concentration,-31.80167627151057,9.836530346652957,-3.2330176546785743,0.0012248999259327
shares,baseline_2018,1008,63,0.025,dq_dr,future_tail_event,dq_es+dr_es_concentration,50,0.2617443409861182,0.2303292065599955,52.64711153403664,58.38318055032108,dq_es,4.634291861534224,1.8244952281818,2.540040549271552,0.011083961736778
shares,baseline_2018,1008,63,0.025,dq_dr,future_tail_event,dq_es+dr_es_concentration,50,0.2617443409861182,0.2303292065599955,52.64711153403664,58.38318055032108,dr_es_concentration,-9.332184794899693,3.1860755265416563,-2.929053224619997,0.0033999619810984
shares,baseline_2018,1008,63,0.025,dq_dr_current_es,future_tail_event,dq_es+dr_es_concentration+current_es,50,0.2703222616963607,0.2227345831113407,54.06275134682375,61.71084336853633,dq_es,4.920139643520624,2.008752182659332,2.4493512370485573,0.0143113814168022
shares,baseline_2018,1008,63,0.025,dq_dr_current_es,future_tail_event,dq_es+dr_es_concentration+current_es,50,0.2703222616963607,0.2227345831113407,54.06275134682375,61.71084336853633,dr_es_concentration,-16.482951757777663,11.146599677749878,-1.47874259723168,0.1392091228478379
shares,baseline_2018,1008,63,0.025,dq_only,future_tail_event,dq_es,50,0.0007965749188993,-0.0200201631036234,65.78052156355686,69.60456757441315,dq_es,-0.2311583547508724,0.7385100159759095,-0.3130063909091423,0.7542758067100652
shares,baseline_2018,1008,63,0.025,dr_only,future_tail_event,dr_es_concentration,50,0.1256418594312307,0.1074260648360481,59.10710540910456,62.931151419960855,dr_es_concentration,-4.222013688081517,2.038219745263765,-2.0714222290762607,0.0383193553302519
shares,baseline_2018,1008,63,0.025,full,future_tail_event,dq_es+dr_es_concentration+current_es+current_rv_ann+current_hill_alpha+n_assets+regime_covid+regime_2022_2023+regime_post_2024+near_2022_trade_break,50,0.4284343017791644,0.3169092874921722,51.85157393934071,69.05978098819402,dq_es,9.52021169810224,4.464406158502955,2.1324698873936336,0.0329682374258847
shares,baseline_2018,1008,63,0.025,full,future_tail_event,dq_es+dr_es_concentration+current_es+current_rv_ann+current_hill_alpha+n_assets+regime_covid+regime_2022_2023+regime_post_2024+near_2022_trade_break,50,0.4284343017791644,0.3169092874921722,51.85157393934071,69.05978098819402,dr_es_concentration,-30.30069826493404,13.362338424182438,-2.2676194317977663,0.0233524122763571
shares,baseline_2018,1008,63,0.05,dq_dr,future_tail_event,dq_es+dr_es_concentration,50,0.0890597446401795,0.0502963295184849,22.832674625072457,28.568743641356896,dq_es,1.6587577660193429,1.3975538550515088,1.1869007838400667,0.2352667581188436
shares,baseline_2018,1008,63,0.05,dq_dr,future_tail_event,dq_es+dr_es_concentration,50,0.0890597446401795,0.0502963295184849,22.832674625072457,28.568743641356896,dr_es_concentration,-2.220103083827797,1.550206118161129,-1.4321341257905154,0.1521054396969387
shares,baseline_2018,1008,63,0.05,dq_dr_current_es,future_tail_event,dq_es+dr_es_concentration+current_es,50,0.1006893798516759,0.0420386872333069,24.190233548796527,31.838325570509117,dq_es,1.8710501550609344,1.4477760663373287,1.2923615734264968,0.1962319576442771
shares,baseline_2018,1008,63,0.05,dq_dr_current_es,future_tail_event,dq_es+dr_es_concentration+current_es,50,0.1006893798516759,0.0420386872333069,24.190233548796527,31.838325570509117,dr_es_concentration,-8.472632412708894,6.385855858829041,-1.32678102982777,0.1845811274695656
shares,baseline_2018,1008,63,0.05,dq_only,future_tail_event,dq_es,50,7.356430353766541e-09,-0.0208333258236439,25.496572520052155,29.320618530908447,dq_es,-0.0005975365134338,0.5623931609715765,-0.0010624889399464,0.9991522566382934
shares,baseline_2018,1008,63,0.05,dr_only,future_tail_event,dr_es_concentration,50,0.0544293865455463,0.0347299987652452,22.69823739010953,26.52228340096582,dr_es_concentration,-1.3565180026428962,0.9221804446901154,-1.4709897726130303,0.1412938827687877
shares,baseline_2018,1008,63,0.05,full,future_tail_event,dq_es+dr_es_concentration+current_es+current_rv_ann+current_hill_alpha+n_assets+regime_covid+regime_2022_2023+regime_post_2024+near_2022_trade_break,50,0.2134869428202762,0.0600209804437448,27.489275138148784,44.697482187002095,dq_es,10.967642623467333,5.115629547476258,2.1439477823170567,0.0320370709943758
shares,baseline_2018,1008,63,0.05,full,future_tail_event,dq_es+dr_es_concentration+current_es+current_rv_ann+current_hill_alpha+n_assets+regime_covid+regime_2022_2023+regime_post_2024+near_2022_trade_break,50,0.2134869428202762,0.0600209804437448,27.489275138148784,44.697482187002095,dr_es_concentration,-27.29184574878098,13.531205903980627,-2.016955912314676,0.0437001143848521
shares,full_2015,504,21,0.025,dq_dr,future_tail_event,dq_es+dr_es_concentration,112,0.0430736498375312,0.0255153681831741,149.9487280482862,158.10422466217148,dq_es,0.7105955977898873,0.3433923269998846,2.0693403489767728,0.0385141598432551
shares,full_2015,504,21,0.025,dq_dr,future_tail_event,dq_es+dr_es_concentration,112,0.0430736498375312,0.0255153681831741,149.9487280482862,158.10422466217148,dr_es_concentration,-0.3514637866584436,0.3614592935890716,-0.9723467978056984,0.3308780498062995
shares,full_2015,504,21,0.025,dq_dr_current_es,future_tail_event,dq_es+dr_es_concentration+current_es,112,0.0530378389744315,0.0267333345014992,150.77639115341924,161.65038663859963,dq_es,0.2316649366313743,0.6282389459898173,0.3687529054194122,0.7123119105505074
shares,full_2015,504,21,0.025,dq_dr_current_es,future_tail_event,dq_es+dr_es_concentration+current_es,112,0.0530378389744315,0.0267333345014992,150.77639115341924,161.65038663859963,dr_es_concentration,-1.1249089516512991,0.8305239333379116,-1.3544569957547656,0.1755906244341903
shares,full_2015,504,21,0.025,dq_only,future_tail_event,dq_es,112,0.0339759589801422,0.0251939222435981,149.00850471570507,154.44550245829527,dq_es,0.4995697524326112,0.2756523897490626,1.8123178721120088,0.0699370946009362
shares,full_2015,504,21,0.025,dr_only,future_tail_event,dr_es_concentration,112,0.0018210441761515,-0.0072533099677014,152.67581631916806,158.11281406175826,dr_es_concentration,0.1218116119118664,0.3005182935698595,0.4053384253745925,0.6852287652161457
shares,full_2015,504,21,0.025,full,future_tail_event,dq_es+dr_es_concentration+current_es+current_rv_ann+current_hill_alpha+n_assets+regime_covid+regime_2022_2023+regime_post_2024+near_2022_trade_break,112,0.2358086804673074,0.1683800346261875,138.75900367197107,165.943992384922,dq_es,-0.2768730260253162,1.5175361426089742,-0.1824490489889166,0.8552303361750071
shares,full_2015,504,21,0.025,full,future_tail_event,dq_es+dr_es_concentration+current_es+current_rv_ann+current_hill_alpha+n_assets+regime_covid+regime_2022_2023+regime_post_2024+near_2022_trade_break,112,0.2358086804673074,0.1683800346261875,138.75900367197107,165.943992384922,dr_es_concentration,-5.7258581906757895,1.002241977446895,-5.713049662180191,1.1096927715385048e-08
shares,full_2015,504,21,0.05,dq_dr,future_tail_event,dq_es+dr_es_concentration,112,0.1007944102361187,0.0842952251028367,153.0483704308716,161.20386704475686,dq_es,1.325304888336517,0.3853807916976778,3.438949000281746,0.0005839772374167
shares,full_2015,504,21,0.05,dq_dr,future_tail_event,dq_es+dr_es_concentration,112,0.1007944102361187,0.0842952251028367,153.0483704308716,161.20386704475686,dr_es_concentration,-0.9631081462776212,0.3753753437923117,-2.565720317556316,0.010296181065734
shares,full_2015,504,21,0.05,dq_dr_current_es,future_tail_event,dq_es+dr_es_concentration+current_es,112,0.1163460204599543,0.091800076583842,153.09440327238167,163.96839875756206,dq_es,1.660806884875545,0.4441339842660316,3.739427613539114,0.0001844397487789
shares,full_2015,504,21,0.05,dq_dr_current_es,future_tail_event,dq_es+dr_es_concentration+current_es,112,0.1163460204599543,0.091800076583842,153.09440327238167,163.96839875756206,dr_es_concentration,0.0916782951249875,0.9026905237975654,0.1015611582353854,0.9191050112130704
shares,full_2015,504,21,0.05,dq_only,future_tail_event,dq_es,112,0.048809343447656,0.0401621556608166,157.3430870586223,162.7800848012125,dq_es,0.6764760555826672,0.3002067814258031,2.253367003802544,0.0242360182168068
shares,full_2015,504,21,0.05,dr_only,future_tail_event,dr_es_concentration,112,0.0002759361845428,-0.0088124643955975,162.9167426641469,168.3537404067371,dr_es_concentration,-0.0513982308127623,0.3068946390465387,-0.167478425079195,0.8669936220572811
shares,full_2015,504,21,0.05,full,future_tail_event,dq_es+dr_es_concentration+current_es+current_rv_ann+current_hill_alpha+n_assets+regime_covid+regime_2022_2023+regime_post_2024+near_2022_trade_break,112,0.1806065143777935,0.1083070891758342,156.63827500437404,183.82326371732495,dq_es,3.214040125824392,1.278631054378572,2.513657176413917,0.0119486521213109
shares,full_2015,504,21,0.05,full,future_tail_event,dq_es+dr_es_concentration+current_es+current_rv_ann+current_hill_alpha+n_assets+regime_covid+regime_2022_2023+regime_post_2024+near_2022_trade_break,112,0.1806065143777935,0.1083070891758342,156.63827500437404,183.82326371732495,dr_es_concentration,-3.730308613367829,1.4638645608716458,-2.548260756546117,0.0108261515801953
shares,full_2015,504,63,0.025,dq_dr,future_tail_event,dq_es+dr_es_concentration,110,0.0631561790911158,0.0456450796348749,151.12918371195622,159.23062480933348,dq_es,0.9097386623273712,0.5036491650856338,1.8062943917968992,0.0708723673917289
shares,full_2015,504,63,0.025,dq_dr,future_tail_event,dq_es+dr_es_concentration,110,0.0631561790911158,0.0456450796348749,151.12918371195622,159.23062480933348,dr_es_concentration,-0.6847848449374027,0.615345140552398,-1.112846758361768,0.2657742496002568
shares,full_2015,504,63,0.025,dq_dr_current_es,future_tail_event,dq_es+dr_es_concentration+current_es,110,0.1216422639333014,0.0967830827238664,146.03829402698435,156.84021549015404,dq_es,-0.2639238093877754,0.8323633358661984,-0.3170776486846616,0.751184684265499
shares,full_2015,504,63,0.025,dq_dr_current_es,future_tail_event,dq_es+dr_es_concentration+current_es,110,0.1216422639333014,0.0967830827238664,146.03829402698435,156.84021549015404,dr_es_concentration,-2.608756581071205,1.092974012036017,-2.386842278355323,0.016993780114796
shares,full_2015,504,63,0.025,dq_only,future_tail_event,dq_es,110,0.0310857961986341,0.0221143683856585,152.83172635606704,158.23268708765187,dq_es,0.489183190154452,0.2942677214466742,1.66237461502586,0.0964376854702991
shares,full_2015,504,63,0.025,dr_only,future_tail_event,dr_es_concentration,110,0.0005191252033152,-0.0087353273410986,156.24832107436876,161.6492818059536,dr_es_concentration,-0.0665009212317593,0.4178072721477012,-0.1591665001183853,0.8735376963891739
shares,full_2015,504,63,0.025,full,future_tail_event,dq_es+dr_es_concentration+current_es+current_rv_ann+current_hill_alpha+n_assets+regime_covid+regime_2022_2023+regime_post_2024+near_2022_trade_break,110,0.2807194013146298,0.2159841474329464,136.06002882759037,163.06483248551453,dq_es,1.0908674194327084,1.3428919183348973,0.812327041766188,0.4166039977775702
shares,full_2015,504,63,0.025,full,future_tail_event,dq_es+dr_es_concentration+current_es+current_rv_ann+current_hill_alpha+n_assets+regime_covid+regime_2022_2023+regime_post_2024+near_2022_trade_break,110,0.2807194013146298,0.2159841474329464,136.06002882759037,163.06483248551453,dr_es_concentration,-6.729165560459282,1.5432271911290771,-4.360450359571488,1.2979502583360189e-05
shares,full_2015,504,63,0.05,dq_dr,future_tail_event,dq_es+dr_es_concentration,110,0.164487567830864,0.1488705130239642,41.97884533549629,50.080286432873535,dq_es,1.0637120375831168,0.3333322632872729,3.1911463567701124,0.0014170947539148
shares,full_2015,504,63,0.05,dq_dr,future_tail_event,dq_es+dr_es_concentration,110,0.164487567830864,0.1488705130239642,41.97884533549629,50.080286432873535,dr_es_concentration,-0.9820132049702802,0.3684047541887372,-2.6655823352029424,0.0076855109481678
shares,full_2015,504,63,0.05,dq_dr_current_es,future_tail_event,dq_es+dr_es_concentration+current_es,110,0.1666909496565662,0.1431067312506199,43.68837431243534,54.490295775605006,dq_es,1.1415348262064544,0.3181070710623362,3.588523896668613,0.0003325555158228
shares,full_2015,504,63,0.05,dq_dr_current_es,future_tail_event,dq_es+dr_es_concentration+current_es,110,0.1666909496565662,0.1431067312506199,43.68837431243534,54.490295775605006,dr_es_concentration,-0.7308536244342559,0.4793484499439268,-1.5246813138120083,0.1273386047337784
shares,full_2015,504,63,0.05,dq_only,future_tail_event,dq_es,110,0.0380740976003163,0.0291673762818006,55.476986821431495,60.87794755301633,dq_es,0.3779930291781923,0.1935340846120204,1.9531083113135264,0.0508067623452456
shares,full_2015,504,63,0.05,dr_only,future_tail_event,dr_es_concentration,110,0.0130633226419162,0.0039250200737858,58.30051714973175,63.70147788131658,dr_es_concentration,-0.2237124189412341,0.2422262371750347,-0.9235680723536884,0.3557112433284402
shares,full_2015,504,63,0.05,full,future_tail_event,dq_es+dr_es_concentration+current_es+current_rv_ann+current_hill_alpha+n_assets+regime_covid+regime_2022_2023+regime_post_2024+near_2022_trade_break,110,0.2650617839524755,0.1989173445081982,41.87037821994031,68.87518187786446,dq_es,3.4001919725509966,0.7608763753251023,4.468783737828875,7.866561372508594e-06
shares,full_2015,504,63,0.05,full,future_tail_event,dq_es+dr_es_concentration+current_es+current_rv_ann+current_hill_alpha+n_assets+regime_covid+regime_2022_2023+regime_post_2024+near_2022_trade_break,110,0.2650617839524755,0.1989173445081982,41.87037821994031,68.87518187786446,dr_es_concentration,-3.204175127170282,0.7615825025084002,-4.207259379800339,2.584863967345761e-05
shares,full_2015,756,21,0.025,dq_dr,future_tail_event,dq_es+dr_es_concentration,100,0.0494423574251012,0.0298432307740724,137.9232241832974,145.73873474126168,dq_es,0.9078716833859156,0.3408744550447918,2.663360864828133,0.0077364398223015
shares,full_2015,756,21,0.025,dq_dr,future_tail_event,dq_es+dr_es_concentration,100,0.0494423574251012,0.0298432307740724,137.9232241832974,145.73873474126168,dr_es_concentration,-0.5374355764627232,0.3798410651030031,-1.4148959284246545,0.1570990119586535
shares,full_2015,756,21,0.025,dq_dr_current_es,future_tail_event,dq_es+dr_es_concentration+current_es,100,0.1017269618024496,0.0736559293587761,134.26575107996675,144.68643182391912,dq_es,1.9896683690044068,0.5978357759547257,3.328118605526688,0.0008743463357138
shares,full_2015,756,21,0.025,dq_dr_current_es,future_tail_event,dq_es+dr_es_concentration+current_es,100,0.1017269618024496,0.0736559293587761,134.26575107996675,144.68643182391912,dr_es_concentration,1.83305461758522,1.2404532438430396,1.4777297142665742,0.1394801376924498
shares,full_2015,756,21,0.025,dq_only,future_tail_event,dq_es,100,0.0381643575081355,0.0283497080949532,137.10270235354676,142.31304272552293,dq_es,0.5400273530185398,0.280606549646995,1.92450017185236,0.0542919192109384
shares,full_2015,756,21,0.025,dr_only,future_tail_event,dr_es_concentration,100,0.0074733876452948,-0.002654434929753,140.24372629243013,145.4540666644063,dr_es_concentration,0.2728950053652421,0.318790431855801,0.8560326098139642,0.3919797421789421
shares,full_2015,756,21,0.025,full,future_tail_event,dq_es+dr_es_concentration+current_es+current_rv_ann+current_hill_alpha+n_assets+regime_covid+regime_2022_2023+regime_post_2024+near_2022_trade_break,100,0.2613169056594272,0.1874485962253699,126.70524358493144,152.75694544481237,dq_es,0.0778087218304021,1.5707993321120295,0.0495344760083287,0.960493363029973
shares,full_2015,756,21,0.025,full,future_tail_event,dq_es+dr_es_concentration+current_es+current_rv_ann+current_hill_alpha+n_assets+regime_covid+regime_2022_2023+regime_post_2024+near_2022_trade_break,100,0.2613169056594272,0.1874485962253699,126.70524358493144,152.75694544481237,dr_es_concentration,-5.610238591281758,1.5208758099708872,-3.688820977032405,0.0002252956705987
shares,full_2015,756,21,0.05,dq_dr,future_tail_event,dq_es+dr_es_concentration,100,0.0606053755521016,0.041236414223279,141.61265773125783,149.4281682892221,dq_es,1.275776734779469,0.5163568959080518,2.4707266328571467,0.0134838849409828
shares,full_2015,756,21,0.05,dq_dr,future_tail_event,dq_es+dr_es_concentration,100,0.0606053755521016,0.041236414223279,141.61265773125783,149.4281682892221,dr_es_concentration,-0.9157438001504876,0.5202113700384684,-1.7603302290043572,0.0783518316171909
shares,full_2015,756,21,0.05,dq_dr_current_es,future_tail_event,dq_es+dr_es_concentration+current_es,100,0.1048917577922415,0.0769196252232491,138.78355780373883,149.2042385476912,dq_es,1.7867096675855492,0.539335702070399,3.312796947664947,0.0009236801353321
shares,full_2015,756,21,0.05,dq_dr_current_es,future_tail_event,dq_es+dr_es_concentration+current_es,100,0.1048917577922415,0.0769196252232491,138.78355780373883,149.2042385476912,dr_es_concentration,1.627722627816948,1.207560088030578,1.34794338099698,0.1776765938545634
shares,full_2015,756,21,0.05,dq_only,future_tail_event,dq_es,100,0.0336504219796693,0.0237897119998702,142.44165768186932,147.6519980538455,dq_es,0.5756405473318341,0.3159048353175656,1.822196063422604,0.0684252416864533
shares,full_2015,756,21,0.05,dr_only,future_tail_event,dr_es_concentration,100,0.0025444680196877,-0.0076336496535807,145.60984943630183,150.820189808278,dr_es_concentration,0.1667541086835135,0.3422117738355644,0.487283376648637,0.6260575263948658
shares,full_2015,756,21,0.05,full,future_tail_event,dq_es+dr_es_concentration+current_es+current_rv_ann+current_hill_alpha+n_assets+regime_covid+regime_2022_2023+regime_post_2024+near_2022_trade_break,100,0.2007670163784404,0.1208437180162843,139.45434233415276,165.50604419403368,dq_es,-3.1049698117137137,2.262001730158628,-1.372664649330737,0.1698566237304588
shares,full_2015,756,21,0.05,full,future_tail_event,dq_es+dr_es_concentration+current_es+current_rv_ann+current_hill_alpha+n_assets+regime_covid+regime_2022_2023+regime_post_2024+near_2022_trade_break,100,0.2007670163784404,0.1208437180162843,139.45434233415276,165.50604419403368,dr_es_concentration,-2.036261851883693,1.901357635849919,-1.0709515208975775,0.2841912282704123
shares,full_2015,756,63,0.025,dq_dr,future_tail_event,dq_es+dr_es_concentration,98,0.1775349937147066,0.1602199409508056,116.53257428749232,124.28747672350404,dq_es,1.7870342383722595,0.5265429536549973,3.3939002050403744,0.0006890479709554
shares,full_2015,756,63,0.025,dq_dr,future_tail_event,dq_es+dr_es_concentration,98,0.1775349937147066,0.1602199409508056,116.53257428749232,124.28747672350404,dr_es_concentration,-1.1598636620265943,0.7065333274970065,-1.641626257229187,0.1006674826441196
shares,full_2015,756,63,0.025,dq_dr_current_es,future_tail_event,dq_es+dr_es_concentration+current_es,98,0.1923987339883016,0.1666242254985666,116.74530103924448,127.08517095392676,dq_es,2.347575502307313,0.7256103523112909,3.2353114792664783,0.0012151009652496
shares,full_2015,756,63,0.025,dq_dr_current_es,future_tail_event,dq_es+dr_es_concentration+current_es,98,0.1923987339883016,0.1666242254985666,116.74530103924448,127.08517095392676,dr_es_concentration,0.0598549369499872,1.387595430822011,0.0431357264664162,0.9655933401906184
shares,full_2015,756,63,0.025,dq_only,future_tail_event,dq_es,98,0.1271408191300734,0.1180485359960116,120.36046786374412,125.53040282108527,dq_es,0.963451314188224,0.355448321292137,2.710524305434487,0.0067176924878119
shares,full_2015,756,63,0.025,dr_only,future_tail_event,dr_es_concentration,98,0.0237099031046763,0.01354021459535,131.33505026349013,136.5049852208313,dr_es_concentration,0.4717909992097722,0.4764626021544768,0.9901952368904076,0.3220787002197404
shares,full_2015,756,63,0.025,full,future_tail_event,dq_es+dr_es_concentration+current_es+current_rv_ann+current_hill_alpha+n_assets+regime_covid+regime_2022_2023+regime_post_2024+near_2022_trade_break,98,0.2814166550193192,0.207925176555386,117.30019888395984,143.14987367066556,dq_es,1.026483825779244,2.606230064185431,0.3938577180445765,0.6936860884929681
shares,full_2015,756,63,0.025,full,future_tail_event,dq_es+dr_es_concentration+current_es+current_rv_ann+current_hill_alpha+n_assets+regime_covid+regime_2022_2023+regime_post_2024+near_2022_trade_break,98,0.2814166550193192,0.207925176555386,117.30019888395984,143.14987367066556,dr_es_concentration,-5.431212152739512,2.471976068664869,-2.197113564967862,0.0280123365599032
shares,full_2015,756,63,0.05,dq_dr,future_tail_event,dq_es+dr_es_concentration,98,0.0767092908724345,0.0572715917329067,22.40345443812464,30.15835687413636,dq_es,0.8556912198703522,0.6359959639550128,1.345434984444146,0.1784848039045885
shares,full_2015,756,63,0.05,dq_dr,future_tail_event,dq_es+dr_es_concentration,98,0.0767092908724345,0.0572715917329067,22.40345443812464,30.15835687413636,dr_es_concentration,-0.8093510358973537,0.7100475066129911,-1.1398547679690505,0.2543468120612998
shares,full_2015,756,63,0.05,dq_dr_current_es,future_tail_event,dq_es+dr_es_concentration+current_es,98,0.0827558434637454,0.0534820937870564,23.75954999840303,34.09941991308532,dq_es,0.95183544163088,0.5949578178856386,1.599836850641804,0.1096347814492778
shares,full_2015,756,63,0.05,dq_dr_current_es,future_tail_event,dq_es+dr_es_concentration+current_es,98,0.0827558434637454,0.0534820937870564,23.75954999840303,34.09941991308532,dr_es_concentration,-0.279691527423374,1.20424412452479,-0.2322548407979518,0.816340085252614
shares,full_2015,756,63,0.05,dq_only,future_tail_event,dq_es,98,0.016074218037085,0.005824991141638,26.63687412399992,31.80680908134106,dq_es,0.2204033449665165,0.2495098049431836,0.8833454261114309,0.3770496672015709
shares,full_2015,756,63,0.05,dr_only,future_tail_event,dr_es_concentration,98,0.0010535168983063,-0.0093521756340029,28.121646386417552,33.29158134375869,dr_es_concentration,-0.0596146427170112,0.2926429081049395,-0.2037112161817154,0.8385791767431118
shares,full_2015,756,63,0.05,full,future_tail_event,dq_es+dr_es_concentration+current_es+current_rv_ann+current_hill_alpha+n_assets+regime_covid+regime_2022_2023+regime_post_2024+near_2022_trade_break,98,0.1367630764446299,0.0484774819901033,29.8124685721852,55.66214335889092,dq_es,-1.5060393738483138,1.9013392842587176,-0.7920939657203154,0.4283058883271962
shares,full_2015,756,63,0.05,full,future_tail_event,dq_es+dr_es_concentration+current_es+current_rv_ann+current_hill_alpha+n_assets+regime_covid+regime_2022_2023+regime_post_2024+near_2022_trade_break,98,0.1367630764446299,0.0484774819901033,29.8124685721852,55.66214335889092,dr_es_concentration,-0.6479784932000606,1.4926864662349684,-0.4341022095781903,0.664214221037492
shares,full_2015,1008,21,0.025,dq_dr,future_tail_event,dq_es+dr_es_concentration,88,0.0226856266310936,-0.0003100056834688,130.06818143146526,137.50019187489988,dq_es,1.3326983930455647,0.7566557828633185,1.7613007436517565,0.0781875142643171
shares,full_2015,1008,21,0.025,dq_dr,future_tail_event,dq_es+dr_es_concentration,88,0.0226856266310936,-0.0003100056834688,130.06818143146526,137.50019187489988,dr_es_concentration,-1.2558932945154269,0.916479518224548,-1.3703451845256829,0.170579174528947
shares,full_2015,1008,21,0.025,dq_dr_current_es,future_tail_event,dq_es+dr_es_concentration+current_es,88,0.1725614399656474,0.1430100628215633,117.41851187761324,127.32785913552608,dq_es,3.354836131515309,0.6299967084094014,5.3251645393283225,1.008616968765941e-07
shares,full_2015,1008,21,0.025,dq_dr_current_es,future_tail_event,dq_es+dr_es_concentration+current_es,88,0.1725614399656474,0.1430100628215633,117.41851187761324,127.32785913552608,dr_es_concentration,4.1233593791749055,1.61023608561147,2.56071728612957,0.0104456320443081
shares,full_2015,1008,21,0.025,dq_only,future_tail_event,dq_es,88,0.0065268756319919,-0.0050251374420546,129.51126137306034,134.46593500201675,dq_es,0.2561403468104404,0.3950720083701717,0.6483383823296434,0.516766114102618
shares,full_2015,1008,21,0.025,dr_only,future_tail_event,dr_es_concentration,88,0.0009668270008927,-0.0106498378014223,130.0023870976534,134.95706072660982,dr_es_concentration,0.1077046843856548,0.4488156837377032,0.2399753134487154,0.8103493944959961
shares,full_2015,1008,21,0.025,full,future_tail_event,dq_es+dr_es_concentration+current_es+current_rv_ann+current_hill_alpha+n_assets+regime_covid+regime_2022_2023+regime_post_2024+near_2022_trade_break,88,0.3204390807901579,0.2420282054967145,112.09237014494462,136.8657382897267,dq_es,6.793208114582967,2.7610120218867364,2.4604051198374832,0.0138780261666235
shares,full_2015,1008,21,0.025,full,future_tail_event,dq_es+dr_es_concentration+current_es+current_rv_ann+current_hill_alpha+n_assets+regime_covid+regime_2022_2023+regime_post_2024+near_2022_trade_break,88,0.3204390807901579,0.2420282054967145,112.09237014494462,136.8657382897267,dr_es_concentration,-2.298430202204916,2.9041707528775094,-0.7914239202111605,0.4286966559869087
shares,full_2015,1008,21,0.05,dq_dr,future_tail_event,dq_es+dr_es_concentration,88,0.0903348827924729,0.0689309976817076,120.74049473600816,128.1725051794428,dq_es,3.039738291266907,0.8166841455557258,3.722048857944301,0.0001976127729104
shares,full_2015,1008,21,0.05,dq_dr,future_tail_event,dq_es+dr_es_concentration,88,0.0903348827924729,0.0689309976817076,120.74049473600816,128.1725051794428,dr_es_concentration,-3.109686992568821,0.7639165244293652,-4.070715704038099,4.686891996504674e-05
shares,full_2015,1008,21,0.05,dq_dr_current_es,future_tail_event,dq_es+dr_es_concentration+current_es,88,0.1268597137787895,0.0956761321280319,119.1342290953256,129.04357635323842,dq_es,2.6901798037647144,0.8764946759430418,3.0692483110297104,0.0021459814290277
shares,full_2015,1008,21,0.05,dq_dr_current_es,future_tail_event,dq_es+dr_es_concentration+current_es,88,0.1268597137787895,0.0956761321280319,119.1342290953256,129.04357635323842,dr_es_concentration,1.2333013787553746,2.2645383535161403,0.5446149219952191,0.5860183896887913
shares,full_2015,1008,21,0.05,dq_only,future_tail_event,dq_es,88,0.0018799310277461,-0.0097261162858846,126.9066351319412,131.8613087608976,dq_es,0.1491763856627488,0.4179351183265959,0.3569367088844989,0.7211391876401022
shares,full_2015,1008,21,0.05,dr_only,future_tail_event,dr_es_concentration,88,0.003407929761734,-0.0081803501247574,126.7718147613738,131.72648839033022,dr_es_concentration,-0.2036906417869085,0.4530776451459785,-0.4495711584297671,0.6530196883019019
shares,full_2015,1008,21,0.05,full,future_tail_event,dq_es+dr_es_concentration+current_es+current_rv_ann+current_hill_alpha+n_assets+regime_covid+regime_2022_2023+regime_post_2024+near_2022_trade_break,88,0.2095630396598421,0.1183587750052085,122.37732001688984,147.1506881616719,dq_es,5.003470118712622,2.7696363970411,1.806544037353786,0.0708334019320965
shares,full_2015,1008,21,0.05,full,future_tail_event,dq_es+dr_es_concentration+current_es+current_rv_ann+current_hill_alpha+n_assets+regime_covid+regime_2022_2023+regime_post_2024+near_2022_trade_break,88,0.2095630396598421,0.1183587750052085,122.37732001688984,147.1506881616719,dr_es_concentration,-6.468925166392335,2.5188302744576,-2.568225907077181,0.0102220515368594
shares,full_2015,1008,63,0.025,dq_dr,future_tail_event,dq_es+dr_es_concentration,86,0.0398485544822455,0.0167123750721791,116.18025393319374,123.54329582195426,dq_es,2.05688805582544,1.876892901460484,1.0959005994560982,0.2731222767259982
shares,full_2015,1008,63,0.025,dq_dr,future_tail_event,dq_es+dr_es_concentration,86,0.0398485544822455,0.0167123750721791,116.18025393319374,123.54329582195426,dr_es_concentration,-1.7625054159390976,2.3857895702556227,-0.7387514129128564,0.4600579601258481
shares,full_2015,1008,63,0.025,dq_dr_current_es,future_tail_event,dq_es+dr_es_concentration+current_es,86,0.1842972629179524,0.1544544798539751,104.15872518414756,113.9761143691616,dq_es,4.727401681287547,1.7902082459461304,2.640699310816268,0.0082735112279585
shares,full_2015,1008,63,0.025,dq_dr_current_es,future_tail_event,dq_es+dr_es_concentration+current_es,86,0.1842972629179524,0.1544544798539751,104.15872518414756,113.9761143691616,dr_es_concentration,2.474446815786859,2.7602915356106066,0.8964440110270759,0.370015670554733
shares,full_2015,1008,63,0.025,dq_only,future_tail_event,dq_es,86,0.0231689047543922,0.0115399631443255,115.66140856801904,120.57010316052605,dq_es,0.460714370573704,0.5510168491495187,0.8361166655517079,0.4030892736941304
shares,full_2015,1008,63,0.025,dr_only,future_tail_event,dr_es_concentration,86,0.0137178265109038,0.0019763720646051,116.48948000083104,121.39817459333806,dr_es_concentration,0.380210192530647,0.6654121450607119,0.5713905214278239,0.5677349528061004
shares,full_2015,1008,63,0.025,full,future_tail_event,dq_es+dr_es_concentration+current_es+current_rv_ann+current_hill_alpha+n_assets+regime_covid+regime_2022_2023+regime_post_2024+near_2022_trade_break,86,0.3673310161006599,0.2924096890599486,94.30589791514176,118.84937087767683,dq_es,11.459045435243809,3.2237658684212955,3.554552626632094,0.0003786227298717
shares,full_2015,1008,63,0.025,full,future_tail_event,dq_es+dr_es_concentration+current_es+current_rv_ann+current_hill_alpha+n_assets+regime_covid+regime_2022_2023+regime_post_2024+near_2022_trade_break,86,0.3673310161006599,0.2924096890599486,94.30589791514176,118.84937087767683,dr_es_concentration,-6.034832877198867,3.2538573765505503,-1.8546703739044823,0.0636433118767784
shares,full_2015,1008,63,0.05,dq_dr,future_tail_event,dq_es+dr_es_concentration,86,0.0587403558591379,0.0360594005786352,32.212506606736355,39.57554849549688,dq_es,2.0491088989849056,1.3543384040273745,1.5129962296657198,0.1302806165667819
shares,full_2015,1008,63,0.05,dq_dr,future_tail_event,dq_es+dr_es_concentration,86,0.0587403558591379,0.0360594005786352,32.212506606736355,39.57554849549688,dr_es_concentration,-2.028969886397828,1.458921144313703,-1.3907330730697471,0.1643063846095029
shares,full_2015,1008,63,0.05,dq_dr_current_es,future_tail_event,dq_es+dr_es_concentration+current_es,86,0.106492377054629,0.0738030737761398,29.73498892915725,39.55237811417128,dq_es,1.0134794542990069,1.4228443242380926,0.7122911741182273,0.4762844882307361
shares,full_2015,1008,63,0.05,dq_dr_current_es,future_tail_event,dq_es+dr_es_concentration+current_es,86,0.106492377054629,0.0738030737761398,29.73498892915725,39.55237811417128,dr_es_concentration,2.1458540405201307,2.939127719977136,0.7300989425994812,0.4653297076451455
shares,full_2015,1008,63,0.05,dq_only,future_tail_event,dq_es,86,0.0026401032988793,-0.0092332288047054,35.19127530684611,40.09996989935313,dq_es,0.1050672624684801,0.3614639974510863,0.2906714450384451,0.771302612627541
shares,full_2015,1008,63,0.05,dr_only,future_tail_event,dr_es_concentration,86,5.4768506169922127e-05,-0.0118493413925662,35.41391421485349,40.32260880736051,dr_es_concentration,-0.0153255576550513,0.4039510503604272,-0.0379391454518487,0.9697362019460264
shares,full_2015,1008,63,0.05,full,future_tail_event,dq_es+dr_es_concentration+current_es+current_rv_ann+current_hill_alpha+n_assets+regime_covid+regime_2022_2023+regime_post_2024+near_2022_trade_break,86,0.1360251252639255,0.0337123111504429,38.84442762936632,63.3879005919014,dq_es,3.8655247530635615,2.6879664383333344,1.4380851999998812,0.1504098813730297
shares,full_2015,1008,63,0.05,full,future_tail_event,dq_es+dr_es_concentration+current_es+current_rv_ann+current_hill_alpha+n_assets+regime_covid+regime_2022_2023+regime_post_2024+near_2022_trade_break,86,0.1360251252639255,0.0337123111504429,38.84442762936632,63.3879005919014,dr_es_concentration,-2.322576179843145,4.339754180461608,-0.5351861149877616,0.5925211666874114
