period,window,horizon,tail_prob,var1,var2,corr,n_obs
baseline_2018,504,21,0.025,dq_es,alpha_heaviness_inv,0.8975998813004943,76
baseline_2018,504,21,0.025,dq_es,alpha_median,-0.8009430567953812,76
baseline_2018,504,21,0.025,dr_es_concentration,alpha_heaviness_inv,0.3557631381723444,76
baseline_2018,504,21,0.025,dq_es,dr_es_concentration,0.5610678409232731,76
baseline_2018,504,21,0.025,dq_es,future_tail_event,0.1925017642337044,76
baseline_2018,504,21,0.025,dr_es_concentration,future_tail_event,-0.16283411943328466,76
baseline_2018,504,21,0.025,alpha_heaviness_inv,future_tail_event,0.23378622863748472,76
baseline_2018,504,21,0.025,p_alpha_gt_2_mean,future_tail_event,-0.15957149695680312,76
baseline_2018,504,21,0.05,dq_es,alpha_heaviness_inv,0.909602049009609,76
baseline_2018,504,21,0.05,dq_es,alpha_median,-0.8681457771955725,76
baseline_2018,504,21,0.05,dr_es_concentration,alpha_heaviness_inv,0.026502151124145862,76
baseline_2018,504,21,0.05,dq_es,dr_es_concentration,0.21348243606604903,76
baseline_2018,504,21,0.05,dq_es,future_tail_event,0.13064282807778016,76
baseline_2018,504,21,0.05,dr_es_concentration,future_tail_event,-0.24906169870809364,76
baseline_2018,504,21,0.05,alpha_heaviness_inv,future_tail_event,0.1604059883014954,76
baseline_2018,504,21,0.05,p_alpha_gt_2_mean,future_tail_event,-0.08592428079161027,76
baseline_2018,504,63,0.025,dq_es,alpha_heaviness_inv,0.8980775430515361,74
baseline_2018,504,63,0.025,dq_es,alpha_median,-0.8101707541561228,74
baseline_2018,504,63,0.025,dr_es_concentration,alpha_heaviness_inv,0.37281012013120174,74
baseline_2018,504,63,0.025,dq_es,dr_es_concentration,0.5710169613346757,74
baseline_2018,504,63,0.025,dq_es,future_tail_event,0.34284730800121094,74
baseline_2018,504,63,0.025,dr_es_concentration,future_tail_event,-0.04395548716554442,74
baseline_2018,504,63,0.025,alpha_heaviness_inv,future_tail_event,0.40042812476676026,74
baseline_2018,504,63,0.025,p_alpha_gt_2_mean,future_tail_event,-0.31162127329797207,74
baseline_2018,504,63,0.05,dq_es,alpha_heaviness_inv,0.9031934881417425,74
baseline_2018,504,63,0.05,dq_es,alpha_median,-0.8644611477247242,74
baseline_2018,504,63,0.05,dr_es_concentration,alpha_heaviness_inv,0.05382541727926899,74
baseline_2018,504,63,0.05,dq_es,dr_es_concentration,0.2451800422009158,74
baseline_2018,504,63,0.05,dq_es,future_tail_event,0.24063498908123365,74
baseline_2018,504,63,0.05,dr_es_concentration,future_tail_event,-0.1938649009637297,74
baseline_2018,504,63,0.05,alpha_heaviness_inv,future_tail_event,0.26503427649690886,74
baseline_2018,504,63,0.05,p_alpha_gt_2_mean,future_tail_event,-0.14657214472359867,74
baseline_2018,756,21,0.025,dq_es,alpha_heaviness_inv,0.9123583142007738,64
baseline_2018,756,21,0.025,dq_es,alpha_median,-0.8825123458053239,64
baseline_2018,756,21,0.025,dr_es_concentration,alpha_heaviness_inv,0.48825929071458063,64
baseline_2018,756,21,0.025,dq_es,dr_es_concentration,0.6946164391048067,64
baseline_2018,756,21,0.025,dq_es,future_tail_event,0.14934953012568766,64
baseline_2018,756,21,0.025,dr_es_concentration,future_tail_event,-0.13915706193343438,64
baseline_2018,756,21,0.025,alpha_heaviness_inv,future_tail_event,0.18415544271203577,64
baseline_2018,756,21,0.025,p_alpha_gt_2_mean,future_tail_event,-0.12458475251449469,64
baseline_2018,756,21,0.05,dq_es,alpha_heaviness_inv,0.9012310482284132,64
baseline_2018,756,21,0.05,dq_es,alpha_median,-0.8731412679400442,64
baseline_2018,756,21,0.05,dr_es_concentration,alpha_heaviness_inv,0.19889500362281073,64
baseline_2018,756,21,0.05,dq_es,dr_es_concentration,0.4276384421838705,64
baseline_2018,756,21,0.05,dq_es,future_tail_event,0.0944443089986439,64
baseline_2018,756,21,0.05,dr_es_concentration,future_tail_event,-0.2177589848145308,64
baseline_2018,756,21,0.05,alpha_heaviness_inv,future_tail_event,0.10225591970393465,64
baseline_2018,756,21,0.05,p_alpha_gt_2_mean,future_tail_event,-0.06720535724402409,64
baseline_2018,756,63,0.025,dq_es,alpha_heaviness_inv,0.9047872888365703,62
baseline_2018,756,63,0.025,dq_es,alpha_median,-0.8734239823595187,62
baseline_2018,756,63,0.025,dr_es_concentration,alpha_heaviness_inv,0.5058345288301767,62
baseline_2018,756,63,0.025,dq_es,dr_es_concentration,0.716982587321532,62
baseline_2018,756,63,0.025,dq_es,future_tail_event,0.448144975677019,62
baseline_2018,756,63,0.025,dr_es_concentration,future_tail_event,-0.019178184237696162,62
baseline_2018,756,63,0.025,alpha_heaviness_inv,future_tail_event,0.5836604876158346,62
baseline_2018,756,63,0.025,p_alpha_gt_2_mean,future_tail_event,-0.4922727285970207,62
baseline_2018,756,63,0.05,dq_es,alpha_heaviness_inv,0.8921219792327132,62
baseline_2018,756,63,0.05,dq_es,alpha_median,-0.8620125021164137,62
baseline_2018,756,63,0.05,dr_es_concentration,alpha_heaviness_inv,0.2359682302140229,62
baseline_2018,756,63,0.05,dq_es,dr_es_concentration,0.47243321011865974,62
baseline_2018,756,63,0.05,dq_es,future_tail_event,0.21264932988347274,62
baseline_2018,756,63,0.05,dr_es_concentration,future_tail_event,-0.18828969418431366,62
baseline_2018,756,63,0.05,alpha_heaviness_inv,future_tail_event,0.23640139722877418,62
baseline_2018,756,63,0.05,p_alpha_gt_2_mean,future_tail_event,-0.18300613172314387,62
baseline_2018,1008,21,0.025,dq_es,alpha_heaviness_inv,0.6573546905445712,52
baseline_2018,1008,21,0.025,dq_es,alpha_median,-0.6853663123966836,52
baseline_2018,1008,21,0.025,dr_es_concentration,alpha_heaviness_inv,0.2442935580644561,52
baseline_2018,1008,21,0.025,dq_es,dr_es_concentration,0.6692910231844929,52
baseline_2018,1008,21,0.025,dq_es,future_tail_event,-0.010021027212298248,52
baseline_2018,1008,21,0.025,dr_es_concentration,future_tail_event,-0.34756195751900465,52
baseline_2018,1008,21,0.025,alpha_heaviness_inv,future_tail_event,0.1445210703694313,52
baseline_2018,1008,21,0.025,p_alpha_gt_2_mean,future_tail_event,-0.098764330886832,52
baseline_2018,1008,21,0.05,dq_es,alpha_heaviness_inv,0.6479189805384702,52
baseline_2018,1008,21,0.05,dq_es,alpha_median,-0.6768045536152038,52
baseline_2018,1008,21,0.05,dr_es_concentration,alpha_heaviness_inv,-0.041528171210420024,52
baseline_2018,1008,21,0.05,dq_es,dr_es_concentration,0.4351403598669861,52
baseline_2018,1008,21,0.05,dq_es,future_tail_event,-0.0039588589926977955,52
baseline_2018,1008,21,0.05,dr_es_concentration,future_tail_event,-0.34454264430004916,52
baseline_2018,1008,21,0.05,alpha_heaviness_inv,future_tail_event,0.09495401911172151,52
baseline_2018,1008,21,0.05,p_alpha_gt_2_mean,future_tail_event,-0.07420608720090995,52
baseline_2018,1008,63,0.025,dq_es,alpha_heaviness_inv,0.5972768107036784,50
baseline_2018,1008,63,0.025,dq_es,alpha_median,-0.6249207116712847,50
baseline_2018,1008,63,0.025,dr_es_concentration,alpha_heaviness_inv,0.17873113859128353,50
baseline_2018,1008,63,0.025,dq_es,dr_es_concentration,0.7582211277235275,50
baseline_2018,1008,63,0.025,dq_es,future_tail_event,-0.028223658850320254,50
baseline_2018,1008,63,0.025,dr_es_concentration,future_tail_event,-0.35445995462284663,50
baseline_2018,1008,63,0.025,alpha_heaviness_inv,future_tail_event,0.36306116095760316,50
baseline_2018,1008,63,0.025,p_alpha_gt_2_mean,future_tail_event,-0.30611500410435377,50
baseline_2018,1008,63,0.05,dq_es,alpha_heaviness_inv,0.5846215547211344,50
baseline_2018,1008,63,0.05,dq_es,alpha_median,-0.6221716036461067,50
baseline_2018,1008,63,0.05,dr_es_concentration,alpha_heaviness_inv,-0.051879092997708154,50
baseline_2018,1008,63,0.05,dq_es,dr_es_concentration,0.6237983255605742,50
baseline_2018,1008,63,0.05,dq_es,future_tail_event,-8.576963541254021e-05,50
baseline_2018,1008,63,0.05,dr_es_concentration,future_tail_event,-0.2333010641757682,50
baseline_2018,1008,63,0.05,alpha_heaviness_inv,future_tail_event,0.1878506867661339,50
baseline_2018,1008,63,0.05,p_alpha_gt_2_mean,future_tail_event,-0.12283218035878395,50
full_2015,504,21,0.025,dq_es,alpha_heaviness_inv,0.9589764725657726,112
full_2015,504,21,0.025,dq_es,alpha_median,-0.8639479407582116,112
full_2015,504,21,0.025,dr_es_concentration,alpha_heaviness_inv,0.56991505550825,112
full_2015,504,21,0.025,dq_es,dr_es_concentration,0.6323728867051213,112
full_2015,504,21,0.025,dq_es,future_tail_event,0.1843256872498835,112
full_2015,504,21,0.025,dr_es_concentration,future_tail_event,0.042673694193861404,112
full_2015,504,21,0.025,alpha_heaviness_inv,future_tail_event,0.24547425375974366,112
full_2015,504,21,0.025,p_alpha_gt_2_mean,future_tail_event,-0.2182175257660501,112
full_2015,504,21,0.05,dq_es,alpha_heaviness_inv,0.9345489201697584,112
full_2015,504,21,0.05,dq_es,alpha_median,-0.8799061122256779,112
full_2015,504,21,0.05,dr_es_concentration,alpha_heaviness_inv,0.43569024210660073,112
full_2015,504,21,0.05,dq_es,dr_es_concentration,0.6807661945024182,112
full_2015,504,21,0.05,dq_es,future_tail_event,0.2209283672316807,112
full_2015,504,21,0.05,dr_es_concentration,future_tail_event,-0.016611326995246232,112
full_2015,504,21,0.05,alpha_heaviness_inv,future_tail_event,0.27159950418095674,112
full_2015,504,21,0.05,p_alpha_gt_2_mean,future_tail_event,-0.20896858160936385,112
full_2015,504,63,0.025,dq_es,alpha_heaviness_inv,0.9623875929538555,110
full_2015,504,63,0.025,dq_es,alpha_median,-0.8788301376663477,110
full_2015,504,63,0.025,dr_es_concentration,alpha_heaviness_inv,0.5987666283454103,110
full_2015,504,63,0.025,dq_es,dr_es_concentration,0.646056090784644,110
full_2015,504,63,0.025,dq_es,future_tail_event,0.1763116451021705,110
full_2015,504,63,0.025,dr_es_concentration,future_tail_event,-0.022784319241870986,110
full_2015,504,63,0.025,alpha_heaviness_inv,future_tail_event,0.24563940359827854,110
full_2015,504,63,0.025,p_alpha_gt_2_mean,future_tail_event,-0.24266059621273547,110
full_2015,504,63,0.05,dq_es,alpha_heaviness_inv,0.9353002304336172,110
full_2015,504,63,0.05,dq_es,alpha_median,-0.8906438160248362,110
full_2015,504,63,0.05,dr_es_concentration,alpha_heaviness_inv,0.47010322249131054,110
full_2015,504,63,0.05,dq_es,dr_es_concentration,0.7055424461122661,110
full_2015,504,63,0.05,dq_es,future_tail_event,0.19512585067160357,110
full_2015,504,63,0.05,dr_es_concentration,future_tail_event,-0.11429489333262814,110
full_2015,504,63,0.05,alpha_heaviness_inv,future_tail_event,0.2604254929529951,110
full_2015,504,63,0.05,p_alpha_gt_2_mean,future_tail_event,-0.1927646784366867,110
full_2015,756,21,0.025,dq_es,alpha_heaviness_inv,0.9822076862960138,100
full_2015,756,21,0.025,dq_es,alpha_median,-0.9573506401027426,100
full_2015,756,21,0.025,dr_es_concentration,alpha_heaviness_inv,0.7265529180578072,100
full_2015,756,21,0.025,dq_es,dr_es_concentration,0.7816056799705926,100
full_2015,756,21,0.025,dq_es,future_tail_event,0.1953570001513528,100
full_2015,756,21,0.025,dr_es_concentration,future_tail_event,0.08644875733806016,100
full_2015,756,21,0.025,alpha_heaviness_inv,future_tail_event,0.2273064013568805,100
full_2015,756,21,0.025,p_alpha_gt_2_mean,future_tail_event,-0.18619426986820942,100
full_2015,756,21,0.05,dq_es,alpha_heaviness_inv,0.9506695315124553,100
full_2015,756,21,0.05,dq_es,alpha_median,-0.9351574119849511,100
full_2015,756,21,0.05,dr_es_concentration,alpha_heaviness_inv,0.6254757239262467,100
full_2015,756,21,0.05,dq_es,dr_es_concentration,0.8054349356200685,100
full_2015,756,21,0.05,dq_es,future_tail_event,0.18344051346327445,100
full_2015,756,21,0.05,dr_es_concentration,future_tail_event,0.05044272018525799,100
full_2015,756,21,0.05,alpha_heaviness_inv,future_tail_event,0.21904094703114718,100
full_2015,756,21,0.05,p_alpha_gt_2_mean,future_tail_event,-0.17889039628134873,100
full_2015,756,63,0.025,dq_es,alpha_heaviness_inv,0.9822672892586152,98
full_2015,756,63,0.025,dq_es,alpha_median,-0.9582230356722051,98
full_2015,756,63,0.025,dr_es_concentration,alpha_heaviness_inv,0.7559762211099477,98
full_2015,756,63,0.025,dq_es,dr_es_concentration,0.8051890902584404,98
full_2015,756,63,0.025,dq_es,future_tail_event,0.356568112890193,98
full_2015,756,63,0.025,dr_es_concentration,future_tail_event,0.1539802036129203,98
full_2015,756,63,0.025,alpha_heaviness_inv,future_tail_event,0.38699921823016165,98
full_2015,756,63,0.025,p_alpha_gt_2_mean,future_tail_event,-0.32806650893652717,98
full_2015,756,63,0.05,dq_es,alpha_heaviness_inv,0.952534270162123,98
full_2015,756,63,0.05,dq_es,alpha_median,-0.9395536480508055,98
full_2015,756,63,0.05,dr_es_concentration,alpha_heaviness_inv,0.6635228096650326,98
full_2015,756,63,0.05,dq_es,dr_es_concentration,0.8293017430245214,98
full_2015,756,63,0.05,dq_es,future_tail_event,0.12678413953284978,98
full_2015,756,63,0.05,dr_es_concentration,future_tail_event,-0.03245792504622148,98
full_2015,756,63,0.05,alpha_heaviness_inv,future_tail_event,0.1459804054878236,98
full_2015,756,63,0.05,p_alpha_gt_2_mean,future_tail_event,-0.11460279284746355,98
full_2015,1008,21,0.025,dq_es,alpha_heaviness_inv,0.9741286758445188,88
full_2015,1008,21,0.025,dq_es,alpha_median,-0.9627325532056766,88
full_2015,1008,21,0.025,dr_es_concentration,alpha_heaviness_inv,0.8833009033688818,88
full_2015,1008,21,0.025,dq_es,dr_es_concentration,0.9365254681219451,88
full_2015,1008,21,0.025,dq_es,future_tail_event,0.08078908114338385,88
full_2015,1008,21,0.025,dr_es_concentration,future_tail_event,0.031093841848391122,88
full_2015,1008,21,0.025,alpha_heaviness_inv,future_tail_event,0.1893344812163564,88
full_2015,1008,21,0.025,p_alpha_gt_2_mean,future_tail_event,-0.12570716173183308,88
full_2015,1008,21,0.05,dq_es,alpha_heaviness_inv,0.9627808951487269,88
full_2015,1008,21,0.05,dq_es,alpha_median,-0.9628447276518879,88
full_2015,1008,21,0.05,dr_es_concentration,alpha_heaviness_inv,0.8310093979071546,88
full_2015,1008,21,0.05,dq_es,dr_es_concentration,0.9426755305694691,88
full_2015,1008,21,0.05,dq_es,future_tail_event,0.04335817140685133,88
full_2015,1008,21,0.05,dr_es_concentration,future_tail_event,-0.058377476493370835,88
full_2015,1008,21,0.05,alpha_heaviness_inv,future_tail_event,0.1325339098405339,88
full_2015,1008,21,0.05,p_alpha_gt_2_mean,future_tail_event,-0.06437999088628436,88
full_2015,1008,63,0.025,dq_es,alpha_heaviness_inv,0.9747989756931624,86
full_2015,1008,63,0.025,dq_es,alpha_median,-0.9665149840757254,86
full_2015,1008,63,0.025,dr_es_concentration,alpha_heaviness_inv,0.9306292051506146,86
full_2015,1008,63,0.025,dq_es,dr_es_concentration,0.9712964059092882,86
full_2015,1008,63,0.025,dq_es,future_tail_event,0.1522133527467038,86
full_2015,1008,63,0.025,dr_es_concentration,future_tail_event,0.11712312543175969,86
full_2015,1008,63,0.025,alpha_heaviness_inv,future_tail_event,0.28142437606361353,86
full_2015,1008,63,0.025,p_alpha_gt_2_mean,future_tail_event,-0.22875935754350968,86
full_2015,1008,63,0.05,dq_es,alpha_heaviness_inv,0.9701643969088645,86
full_2015,1008,63,0.05,dq_es,alpha_median,-0.9768613764736566,86
full_2015,1008,63,0.05,dr_es_concentration,alpha_heaviness_inv,0.8924659949114747,86
full_2015,1008,63,0.05,dq_es,dr_es_concentration,0.9703397940698743,86
full_2015,1008,63,0.05,dq_es,future_tail_event,0.051381935530682245,86
full_2015,1008,63,0.05,dr_es_concentration,future_tail_event,-0.007400574718875626,86
full_2015,1008,63,0.05,alpha_heaviness_inv,future_tail_event,0.10657117835090589,86
full_2015,1008,63,0.05,p_alpha_gt_2_mean,future_tail_event,-0.04324781958514641,86
