market,secid,window,window_end,tail_group,alpha_consensus,alpha_ci_low,alpha_ci_high,p_alpha_lt_1,p_alpha_gt_2,selected_k,n_tail_positive,theta_runs,zero_share_window,max_loss_window,alpha_hill,alpha_mom,alpha_gpd,alpha_pickands,alpha_rank_half
shares,ARSA,504,2026-05-15,point_alpha_gt_2_uncertain,2.5360777061872124,1.8386931907993393,9.457096935087545,0.0,0.8369565217391305,31,255,0.6129032258064516,0.037698412698412696,0.178610977397419,2.7971451987312888,2.5360777061872124,2.5318331188217225,4.4169968879354675,2.5078180887180066
shares,ASSB,504,2026-05-15,point_alpha_gt_2_uncertain,2.431105693556482,1.8598261303451917,9.528420697332768,0.0,0.8191489361702128,18,250,0.8333333333333334,0.0496031746031746,0.229915253917041,2.431105693556482,2.5095916662851896,2.084834116951232,,2.2515180945780475
shares,AFKS,504,2026-05-15,strict_alpha_gt_2,7.415403925262181,4.068111457331965,49.021181708737146,0.0,1.0,35,268,0.5142857142857142,0.001984126984126984,0.0955272849790653,4.053797809717882,7.415403925262181,10.019141556435681,,4.240170427907615
shares,AKRN,504,2026-05-15,strict_alpha_gt_2,2.7327712711555034,2.311582810501923,48.46224207456072,0.0,1.0,17,229,0.7058823529411765,0.025793650793650792,0.0467713209534616,2.7327712711555034,,inf,8.172028723451294,3.6965155932237725
shares,ALRS,504,2026-05-15,strict_alpha_gt_2,3.8150402809769806,2.1975712069762405,10.707028985198875,0.0,0.9833333333333333,18,275,0.7777777777777778,0.005952380952380952,0.0980874395888364,4.867546926866604,3.6316758700501772,3.8150402809769806,,3.9685898780692104
shares,AMEZ,504,2026-05-15,strict_alpha_gt_2,12.963922901300968,2.297720257158443,21.922813761342614,0.0,1.0,14,99,0.42857142857142855,0.5912698412698413,0.164506930638788,2.7186042915274977,13.382646721014304,12.963922901300968,,3.0395908083264733
shares,APTK,504,2026-05-15,strict_alpha_gt_2,6.946522833266175,3.07648290950296,51.746984215531675,0.0,1.0,29,275,0.7241379310344828,0.00992063492063492,0.0850552494970807,3.4731814910006924,6.946522833266175,12.632213229782684,1.278324096902466,3.6049502127973394
shares,BANE,504,2026-05-15,strict_alpha_gt_2,3.3905591083149496,2.1853412741901392,8.90310297994346,0.0,0.9775280898876404,27,266,0.6296296296296297,0.007936507936507936,0.135131155963779,3.5954239627915463,3.3905591083149496,2.944130330229988,,3.3019057569509758
shares,BANEP,504,2026-05-15,strict_alpha_gt_2,3.5298431996634374,2.1428720666771985,12.509463288957896,0.0,1.0,24,251,0.7083333333333334,0.021825396825396824,0.125546358134017,3.3431491238199467,3.5298431996634374,3.6821263328801845,3.471040524487779,3.093838847069216
shares,BISVP,504,2026-05-15,strict_alpha_gt_2,3.0150294511786573,2.6403930597733796,22.065858236495586,0.0,1.0,30,252,0.7,0.031746031746031744,0.1208048380853,3.0150294511786573,3.226221252322144,2.9031438685855164,3.1642858298747125,2.8757977111049
shares,BRZL,504,2026-05-15,strict_alpha_gt_2,2.991793408664887,2.3562914522395544,7.888480012380552,0.0,1.0,34,265,0.5,0.027777777777777776,0.102954666435942,3.1249767036037595,2.991793408664887,1.955520473977568,,2.834109521256658
shares,BSPB,504,2026-05-15,strict_alpha_gt_2,5.119863674569146,3.0994414455577157,14.376203816243768,0.0,1.0,10,251,0.9,0.001984126984126984,0.067959084020193,5.119863674569146,5.963448948031646,2.94662913630617,1.7246141192618722,4.288831000100002
shares,CHMF,504,2026-05-15,strict_alpha_gt_2,11.31173689877954,3.9968675683193147,34.20266866283489,0.0,1.0,15,266,0.6666666666666666,0.00992063492063492,0.0597192347016223,6.6464216345206175,15.977052163038461,inf,,6.204916149178274
shares,CHMK,504,2026-05-15,strict_alpha_gt_2,9.601194444118914,3.43100869663867,42.52364194484235,0.0,1.0,11,259,0.9090909090909091,0.03571428571428571,0.10212949507638,4.5860852419178935,9.601194444118914,11.067087132016722,,4.384324161435722
shares,CNTL,504,2026-05-15,strict_alpha_gt_2,4.507087514124344,2.6427386766012178,25.57421127156527,0.0,1.0,21,254,0.6666666666666666,0.06349206349206349,0.096693624802471,3.9122368116612467,4.62081993384543,4.507087514124344,2.18677496230692,3.7223184320935294
shares,CNTLP,504,2026-05-15,strict_alpha_gt_2,2.069636577902477,2.6137659907520785,30.603749538139137,0.0,1.0,23,248,0.6956521739130435,0.08333333333333333,0.0881927120354608,2.069636577902477,,inf,,2.8924141125589244
shares,DIOD,504,2026-05-15,strict_alpha_gt_2,10.009342605024784,3.899966197085054,27.469419317205602,0.0,1.0,13,268,0.8461538461538461,0.025793650793650792,0.0887757126710026,4.661343167092919,15.357342042956649,inf,,4.573799186467671
shares,DVEC,504,2026-05-15,strict_alpha_gt_2,3.5215666134373858,2.1875184260819616,13.77019803280495,0.0,0.9863013698630136,19,258,0.5789473684210527,0.00992063492063492,0.117216559688139,3.462849469706397,3.927437136179931,3.5215666134373858,3.4403508439700174,3.2753162691053967
shares,DZRDP,504,2026-05-15,strict_alpha_gt_2,3.099433824200126,4.1796581509451585,25.708411978758505,0.0,1.0,25,258,0.64,0.08134920634920635,0.0819171224678867,3.099433824200126,,inf,,4.42209468485557
shares,FEES,504,2026-05-15,strict_alpha_gt_2,3.36548345308551,2.1287226465506777,12.056252441985768,0.0,1.0,25,259,0.72,0.005952380952380952,0.120149100643929,3.548431033419773,3.36548345308551,3.3589504287160996,,3.2150585942244696
shares,ARSA,756,2026-05-15,point_alpha_gt_2_uncertain,2.1033991338123808,1.6747924885033574,4.649927665423563,0.0,0.57,54,382,0.46296296296296297,0.03571428571428571,0.314549101417708,2.1033991338123808,2.1104527311464154,2.029189517430145,7.4604245746874245,2.0256780036254574
shares,ASSB,756,2026-05-15,point_alpha_gt_2_uncertain,2.8188937578202777,1.907072363579421,6.892692223829605,0.0,0.9285714285714286,55,385,0.5818181818181818,0.037037037037037035,0.260138191728128,2.5618190314348146,2.8188937578202777,2.914158957484558,13.43613551993955,2.543432127943774
shares,AFKS,756,2026-05-15,strict_alpha_gt_2,8.907109843658603,4.2798153436977735,31.097887522427197,0.0,1.0,37,385,0.5135135135135135,0.005291005291005291,0.0955272849790653,3.882174500821824,8.907109843658603,17.028682768674013,22.703749410100365,4.158625372467043
shares,AKRN,756,2026-05-15,strict_alpha_gt_2,7.310994298547454,2.492532973269599,17.900162466416262,0.0,0.9882352941176471,35,362,0.7428571428571429,0.02513227513227513,0.0668189349389958,2.3154230214382454,7.583296970005767,7.310994298547454,4.8676284605088185,2.723140552564404
shares,ALRS,756,2026-05-15,strict_alpha_gt_2,3.859989561144022,2.2492835083373626,9.301173470724505,0.0,1.0,20,396,0.8,0.005291005291005291,0.0980874395888364,4.985692724256046,3.7344364164079127,3.859989561144022,,4.1225417375275315
shares,AMEZ,756,2026-05-15,strict_alpha_gt_2,4.1938205294200985,2.2684643173383074,24.387968005676516,0.0,0.987012987012987,18,232,0.5555555555555556,0.3968253968253968,0.164506930638788,3.5547093185431144,4.1938205294200985,4.264730703785918,7.912692235759227,3.3683469912622206
shares,APTK,756,2026-05-15,strict_alpha_gt_2,6.434396600479413,3.532315990021576,15.830415478764811,0.0,1.0,43,412,0.6744186046511628,0.006613756613756613,0.0850552494970807,2.9313670859980756,6.434396600479413,29.950785502622907,4.235883600192822,3.195250773496491
shares,BANE,756,2026-05-15,strict_alpha_gt_2,4.2014378037944375,2.3817461186498305,18.874783494376864,0.0,0.9885057471264368,28,377,0.7142857142857143,0.011904761904761904,0.135131155963779,3.7120629404211694,4.2014378037944375,4.240482789954257,,3.5816972378057157
shares,BANEP,756,2026-05-15,strict_alpha_gt_2,3.26481524285714,2.1574349396511256,15.113260437376303,0.0,0.975,26,372,0.7307692307692307,0.018518518518518517,0.125546358134017,3.719400491526696,3.26481524285714,3.2249303062417654,,3.285759371264702
shares,BISVP,756,2026-05-15,strict_alpha_gt_2,3.382107141190181,2.725484398455991,28.37801345387622,0.0,1.0,28,393,0.6428571428571429,0.03042328042328042,0.122316321804383,3.107307413856215,3.6299249077700733,3.382107141190181,1.5079812905941707,3.0033388559480008
shares,BRZL,756,2026-05-15,strict_alpha_gt_2,3.139583129492482,3.0378884312216976,13.16709318876242,0.0,1.0,49,390,0.4897959183673469,0.0291005291005291,0.102954666435942,2.9365435376080664,3.5596648764889656,3.139583129492482,,2.8748512312109433
shares,BSPB,756,2026-05-15,strict_alpha_gt_2,2.7018130033403964,3.5201599643060275,23.016153574581068,0.0,1.0,33,371,0.7575757575757576,0.0026455026455026454,0.077806404095256,2.7018130033403964,,inf,,3.3940110275128923
shares,CHMF,756,2026-05-15,strict_alpha_gt_2,8.356571486965516,3.588344024510901,32.05079918885237,0.0,1.0,18,374,0.6666666666666666,0.009259259259259259,0.0597192347016223,7.066635031425047,8.926316369083288,8.356571486965516,,6.402391468604288
shares,CHMK,756,2026-05-15,strict_alpha_gt_2,3.488328141031168,2.317189369913694,17.32622681635857,0.0,0.974025974025974,19,392,0.7368421052631579,0.026455026455026454,0.152230120528931,3.333907818733087,3.5589448301868267,3.488328141031168,5.316848999188565,3.1133176275055137
shares,CNTL,756,2026-05-15,strict_alpha_gt_2,3.8902145077482486,2.660715729704367,26.798980900998362,0.0,1.0,17,380,0.5294117647058824,0.05291005291005291,0.116533816255952,3.8902145077482486,3.9544932225908225,3.283421836167955,,3.488339508363264
shares,CNTLP,756,2026-05-15,strict_alpha_gt_2,5.775903952332597,3.238568533830524,33.554737385807634,0.0,1.0,15,386,0.7333333333333333,0.07275132275132275,0.103493637826898,3.7974307692712097,7.754377135393985,inf,,3.759514755850406
shares,DIOD,756,2026-05-15,strict_alpha_gt_2,5.211015706131597,3.1796337745427414,30.356767048719153,0.0,1.0,53,398,0.660377358490566,0.021164021164021163,0.111649423787283,2.4428190180787306,5.211015706131597,13.004716207736,3.2658188443589227,2.7338406593937306
shares,DVEC,756,2026-05-15,strict_alpha_gt_2,3.9940418128107744,2.706478673827217,12.262811944437905,0.0,1.0,49,392,0.42857142857142855,0.009259259259259259,0.136687061974071,2.468507117235495,3.9940418128107744,5.745252922223687,,2.6460385680192173
shares,DZRDP,756,2026-05-15,strict_alpha_gt_2,3.2472022870483936,2.33217233002654,12.200204900660449,0.0,1.0,26,391,0.7307692307692307,0.06878306878306878,0.14877300859314,3.4564049152895504,3.2472022870483936,2.938862732847627,3.8879921762022573,3.114447374514472
shares,FEES,756,2026-05-15,strict_alpha_gt_2,3.6444724819996064,2.6575938551810077,14.966639592000552,0.0,1.0,35,397,0.6857142857142857,0.006613756613756613,0.120149100643929,3.816705602805066,3.6444724819996064,3.5780376760019705,,3.5483496836442305
shares,ARSA,1008,2026-05-15,point_alpha_gt_2_uncertain,2.0663351792359483,1.6339989758591353,4.074685668177285,0.0,0.64,45,503,0.4666666666666667,0.04265873015873016,0.314549101417708,2.0663351792359483,2.0971124174884976,1.8221503486135213,,1.9895178033270113
shares,CHMF,1008,2026-05-15,point_alpha_gt_2_uncertain,2.9786073279219516,1.841260476666783,13.188733803424835,0.0,0.875,59,498,0.5423728813559322,0.007936507936507936,0.165676479025459,3.0447581754036728,2.724844299616344,2.9786073279219516,,2.7364455139318338
shares,AFKS,1008,2026-05-15,strict_alpha_gt_2,4.686776828506447,3.192301729178783,32.36159535458305,0.0,1.0,45,501,0.5333333333333333,0.007936507936507936,0.1189393279417,3.2641673177892714,4.686776828506447,5.276146161228581,7.690289995623555,3.3810289338565696
shares,AKRN,1008,2026-05-15,strict_alpha_gt_2,2.6320678526463555,2.2298735004164447,6.487008990202588,0.0,0.99,67,478,0.47761194029850745,0.022817460317460316,0.0668189349389958,2.003544156771054,2.6320678526463555,2.754171236584022,4.085330939221143,2.056734633040182
shares,ALRS,1008,2026-05-15,strict_alpha_gt_2,4.326811277912346,2.6240549798492547,15.816321922732108,0.0,1.0,31,526,0.7419354838709677,0.007936507936507936,0.0980874395888364,3.810886804022687,4.326811277912346,4.343447643302707,,3.646247224667542
shares,AMEZ,1008,2026-05-15,strict_alpha_gt_2,5.077797993186186,2.6455597988468615,20.562123431543327,0.0,1.0,25,360,0.56,0.3005952380952381,0.164506930638788,4.021593154698864,5.077797993186186,5.276022929035618,3.9951188325361096,3.937943083392277
shares,APTK,1008,2026-05-15,strict_alpha_gt_2,5.691135984095011,3.431351420432283,17.299582601618436,0.0,1.0,43,538,0.6511627906976745,0.00992063492063492,0.0850552494970807,2.997268564283057,8.385003403906964,inf,3.481760209272996,3.3287654974838166
shares,ASSB,1008,2026-05-15,strict_alpha_gt_2,2.6623087342774414,2.018816397445158,9.559106331914169,0.0,0.946236559139785,46,514,0.6086956521739131,0.03273809523809524,0.260138191728128,2.7302560674436376,2.6623087342774414,2.487699576720679,9.527567366115242,2.578796250438252
shares,BANE,1008,2026-05-15,strict_alpha_gt_2,4.644782407387253,2.69592303249861,34.411514161389064,0.0,1.0,43,487,0.6511627906976745,0.012896825396825396,0.135131155963779,3.4538411070366966,4.644782407387253,5.01878822549055,3.0538313326991027,3.518121283397669
shares,BANEP,1008,2026-05-15,strict_alpha_gt_2,3.9765845780756806,2.5372921294131543,13.107627559461621,0.0,1.0,35,471,0.6571428571428571,0.018849206349206348,0.125546358134017,3.3900185315758016,3.9765845780756806,4.0737110087402835,,3.3276031902369696
shares,BISVP,1008,2026-05-15,strict_alpha_gt_2,2.8142190277774737,2.0568865738774744,14.163028925729465,0.0,0.9795918367346939,30,496,0.6666666666666666,0.034722222222222224,0.160773220587752,2.902593881975994,2.8142190277774737,2.2952077675763376,3.7611800542425176,2.6843268134205074
shares,BRZL,1008,2026-05-15,strict_alpha_gt_2,3.7577816613030772,2.692705811163981,11.790290398895376,0.0,1.0,58,519,0.4827586206896552,0.02976190476190476,0.153492135187061,2.5647097071976597,3.7577816613030772,4.610617258797536,10.461530003344064,2.708268736575689
shares,BSPB,1008,2026-05-15,strict_alpha_gt_2,3.8270508696384975,2.6793387434650997,15.283378558157075,0.0,1.0,61,494,0.6557377049180327,0.002976190476190476,0.109154854433045,2.6446770850780528,3.8270508696384975,4.5915665566658,,2.800605704296377
shares,CHMK,1008,2026-05-15,strict_alpha_gt_2,4.69946567465507,2.419673477799582,26.089414614719495,0.0,1.0,32,521,0.65625,0.02976190476190476,0.152230120528931,3.433659367797908,4.69946567465507,5.126842368847209,6.654861039137652,3.4630178474739464
shares,CNTL,1008,2026-05-15,strict_alpha_gt_2,2.9694380122107282,2.2872201905142218,7.0517955584351935,0.0,1.0,65,509,0.5384615384615384,0.0496031746031746,0.137741925160866,2.632457646593529,3.051487705636695,2.9694380122107282,2.001372576317737,2.6411165113858783
shares,CNTLP,1008,2026-05-15,strict_alpha_gt_2,3.0633814931464824,2.300175522900647,11.779660555694937,0.0,0.9777777777777777,32,507,0.5625,0.07341269841269842,0.190942299837862,3.0633814931464824,3.3115635296517936,2.988735545104159,1.5674467632873266,2.9446378639300783
shares,DIOD,1008,2026-05-15,strict_alpha_gt_2,3.95566768507015,2.8010879998430736,10.980935964396071,0.0,1.0,72,514,0.625,0.026785714285714284,0.152676840208958,2.428879786900815,3.95566768507015,4.993129783145524,2.4473173952038185,2.6818679242552736
shares,DVEC,1008,2026-05-15,strict_alpha_gt_2,4.0944789805545065,2.7512986372530994,10.91433131565665,0.0,1.0,61,510,0.4918032786885246,0.01488095238095238,0.136687061974071,2.3596091991236197,4.0944789805545065,8.284184231009792,,2.5593129281841596
shares,DZRDP,1008,2026-05-15,strict_alpha_gt_2,3.508099440031756,2.460175540074269,12.15697060570738,0.0,1.0,31,487,0.7419354838709677,0.09424603174603174,0.14877300859314,3.4830424992929054,3.616076421752067,3.508099440031756,4.3240709377225635,3.2722511052263363
shares,FEES,1008,2026-05-15,strict_alpha_gt_2,3.7167366899699257,2.618130579343874,13.679813053341283,0.0,1.0,37,524,0.6486486486486487,0.01984126984126984,0.120149100643929,3.7304044461572503,3.7167366899699257,3.4911835566942195,,3.535836002119921
