diagnostic_bucket,market,secid,window,window_end,tail_group,alpha_consensus,alpha_ci_low,alpha_ci_high,ci_width,alpha_core_mad,selected_k,n_tail_positive,theta_runs,zero_share_window,max_loss_window
stable_low_uncertainty,shares,BRZL,504,2026-05-15,strict_alpha_gt_2,2.991793408664887,2.3562914522395544,7.888480012380552,5.532188560140998,0.13318329493887227,34,265,0.5,0.027777777777777776,0.102954666435942
stable_low_uncertainty,shares,BANE,504,2026-05-15,strict_alpha_gt_2,3.3905591083149496,2.1853412741901392,8.90310297994346,6.717761705753321,0.20486485447659675,27,266,0.6296296296296297,0.007936507936507936,0.135131155963779
stable_low_uncertainty,shares,ARSA,504,2026-05-15,point_alpha_gt_2_uncertain,2.5360777061872124,1.8386931907993393,9.457096935087545,7.618403744288206,0.004244587365489938,31,255,0.6129032258064516,0.037698412698412696,0.178610977397419
stable_low_uncertainty,shares,ASSB,504,2026-05-15,point_alpha_gt_2_uncertain,2.431105693556482,1.8598261303451917,9.528420697332768,7.668594566987577,0.0784859727287075,18,250,0.8333333333333334,0.0496031746031746,0.229915253917041
stable_low_uncertainty,shares,ALRS,504,2026-05-15,strict_alpha_gt_2,3.8150402809769806,2.1975712069762405,10.707028985198875,8.509457778222634,0.18336441092680333,18,275,0.7777777777777778,0.005952380952380952,0.0980874395888364
stable_low_uncertainty,shares,FEES,504,2026-05-15,strict_alpha_gt_2,3.36548345308551,2.1287226465506777,12.056252441985768,9.92752979543509,0.0065330243694101675,25,259,0.72,0.005952380952380952,0.120149100643929
stable_low_uncertainty,shares,BANEP,504,2026-05-15,strict_alpha_gt_2,3.5298431996634374,2.1428720666771985,12.509463288957896,10.366591222280697,0.15228313321674714,24,251,0.7083333333333334,0.021825396825396824,0.125546358134017
stable_low_uncertainty,shares,BSPB,504,2026-05-15,strict_alpha_gt_2,5.119863674569146,3.0994414455577157,14.376203816243768,11.276762370686052,0.8435852734624998,10,251,0.9,0.001984126984126984,0.067959084020193
stable_low_uncertainty,shares,DVEC,504,2026-05-15,strict_alpha_gt_2,3.5215666134373858,2.1875184260819616,13.77019803280495,11.582679606722989,0.058717143730988575,19,258,0.5789473684210527,0.00992063492063492,0.117216559688139
stable_low_uncertainty,shares,BISVP,504,2026-05-15,strict_alpha_gt_2,3.0150294511786573,2.6403930597733796,22.065858236495586,19.425465176722206,0.11188558259314085,30,252,0.7,0.031746031746031744,0.1208048380853
near_cutoff,shares,CNTLP,504,2026-05-15,strict_alpha_gt_2,2.069636577902477,2.6137659907520785,30.603749538139137,27.98998354738706,0.0,23,248,0.6956521739130435,0.08333333333333333,0.0881927120354608
near_cutoff,shares,ASSB,504,2026-05-15,point_alpha_gt_2_uncertain,2.431105693556482,1.8598261303451917,9.528420697332768,7.668594566987577,0.0784859727287075,18,250,0.8333333333333334,0.0496031746031746,0.229915253917041
near_cutoff,shares,ARSA,504,2026-05-15,point_alpha_gt_2_uncertain,2.5360777061872124,1.8386931907993393,9.457096935087545,7.618403744288206,0.004244587365489938,31,255,0.6129032258064516,0.037698412698412696,0.178610977397419
near_cutoff,shares,AKRN,504,2026-05-15,strict_alpha_gt_2,2.7327712711555034,2.311582810501923,48.46224207456072,46.150659264058795,0.0,17,229,0.7058823529411765,0.025793650793650792,0.0467713209534616
near_cutoff,shares,BRZL,504,2026-05-15,strict_alpha_gt_2,2.991793408664887,2.3562914522395544,7.888480012380552,5.532188560140998,0.13318329493887227,34,265,0.5,0.027777777777777776,0.102954666435942
near_cutoff,shares,BISVP,504,2026-05-15,strict_alpha_gt_2,3.0150294511786573,2.6403930597733796,22.065858236495586,19.425465176722206,0.11188558259314085,30,252,0.7,0.031746031746031744,0.1208048380853
near_cutoff,shares,DZRDP,504,2026-05-15,strict_alpha_gt_2,3.099433824200126,4.1796581509451585,25.708411978758505,21.528753827813347,0.0,25,258,0.64,0.08134920634920635,0.0819171224678867
near_cutoff,shares,FEES,504,2026-05-15,strict_alpha_gt_2,3.36548345308551,2.1287226465506777,12.056252441985768,9.92752979543509,0.0065330243694101675,25,259,0.72,0.005952380952380952,0.120149100643929
near_cutoff,shares,BANE,504,2026-05-15,strict_alpha_gt_2,3.3905591083149496,2.1853412741901392,8.90310297994346,6.717761705753321,0.20486485447659675,27,266,0.6296296296296297,0.007936507936507936,0.135131155963779
near_cutoff,shares,DVEC,504,2026-05-15,strict_alpha_gt_2,3.5215666134373858,2.1875184260819616,13.77019803280495,11.582679606722989,0.058717143730988575,19,258,0.5789473684210527,0.00992063492063492,0.117216559688139
unstable_high_uncertainty,shares,APTK,504,2026-05-15,strict_alpha_gt_2,6.946522833266175,3.07648290950296,51.746984215531675,48.67050130602872,3.4733413422654826,29,275,0.7241379310344828,0.00992063492063492,0.0850552494970807
unstable_high_uncertainty,shares,AKRN,504,2026-05-15,strict_alpha_gt_2,2.7327712711555034,2.311582810501923,48.46224207456072,46.150659264058795,0.0,17,229,0.7058823529411765,0.025793650793650792,0.0467713209534616
unstable_high_uncertainty,shares,AFKS,504,2026-05-15,strict_alpha_gt_2,7.415403925262181,4.068111457331965,49.021181708737146,44.95307025140518,2.6037376311735,35,268,0.5142857142857142,0.001984126984126984,0.0955272849790653
unstable_high_uncertainty,shares,CHMK,504,2026-05-15,strict_alpha_gt_2,9.601194444118914,3.43100869663867,42.52364194484235,39.09263324820368,1.4658926878978082,11,259,0.9090909090909091,0.03571428571428571,0.10212949507638
unstable_high_uncertainty,shares,CHMF,504,2026-05-15,strict_alpha_gt_2,11.31173689877954,3.9968675683193147,34.20266866283489,30.205801094515575,4.665315264258922,15,266,0.6666666666666666,0.00992063492063492,0.0597192347016223
unstable_high_uncertainty,shares,CNTLP,504,2026-05-15,strict_alpha_gt_2,2.069636577902477,2.6137659907520785,30.603749538139137,27.98998354738706,0.0,23,248,0.6956521739130435,0.08333333333333333,0.0881927120354608
unstable_high_uncertainty,shares,DIOD,504,2026-05-15,strict_alpha_gt_2,10.009342605024784,3.899966197085054,27.469419317205602,23.56945312012055,5.347999437931865,13,268,0.8461538461538461,0.025793650793650792,0.0887757126710026
unstable_high_uncertainty,shares,CNTL,504,2026-05-15,strict_alpha_gt_2,4.507087514124344,2.6427386766012178,25.57421127156527,22.931472594964053,0.11373241972108605,21,254,0.6666666666666666,0.06349206349206349,0.096693624802471
unstable_high_uncertainty,shares,DZRDP,504,2026-05-15,strict_alpha_gt_2,3.099433824200126,4.1796581509451585,25.708411978758505,21.528753827813347,0.0,25,258,0.64,0.08134920634920635,0.0819171224678867
unstable_high_uncertainty,shares,AMEZ,504,2026-05-15,strict_alpha_gt_2,12.963922901300968,2.297720257158443,21.922813761342614,19.62509350418417,0.4187238197133354,14,99,0.42857142857142855,0.5912698412698413,0.164506930638788
stable_low_uncertainty,shares,ARSA,756,2026-05-15,point_alpha_gt_2_uncertain,2.1033991338123808,1.6747924885033574,4.649927665423563,2.975135176920206,0.007053597334034656,54,382,0.46296296296296297,0.03571428571428571,0.314549101417708
stable_low_uncertainty,shares,ASSB,756,2026-05-15,point_alpha_gt_2_uncertain,2.8188937578202777,1.907072363579421,6.892692223829605,4.985619860250184,0.09526519966428015,55,385,0.5818181818181818,0.037037037037037035,0.260138191728128
stable_low_uncertainty,shares,ALRS,756,2026-05-15,strict_alpha_gt_2,3.859989561144022,2.2492835083373626,9.301173470724505,7.0518899623871425,0.12555314473610935,20,396,0.8,0.005291005291005291,0.0980874395888364
stable_low_uncertainty,shares,DVEC,756,2026-05-15,strict_alpha_gt_2,3.9940418128107744,2.706478673827217,12.262811944437905,9.556333270610688,1.5255346955752795,49,392,0.42857142857142855,0.009259259259259259,0.136687061974071
stable_low_uncertainty,shares,DZRDP,756,2026-05-15,strict_alpha_gt_2,3.2472022870483936,2.33217233002654,12.200204900660449,9.86803257063391,0.20920262824115676,26,391,0.7307692307692307,0.06878306878306878,0.14877300859314
stable_low_uncertainty,shares,BRZL,756,2026-05-15,strict_alpha_gt_2,3.139583129492482,3.0378884312216976,13.16709318876242,10.129204757540723,0.20303959188441567,49,390,0.4897959183673469,0.0291005291005291,0.102954666435942
stable_low_uncertainty,shares,APTK,756,2026-05-15,strict_alpha_gt_2,6.434396600479413,3.532315990021576,15.830415478764811,12.298099488743235,3.5030295144813377,43,412,0.6744186046511628,0.006613756613756613,0.0850552494970807
stable_low_uncertainty,shares,FEES,756,2026-05-15,strict_alpha_gt_2,3.6444724819996064,2.6575938551810077,14.966639592000552,12.309045736819545,0.06643480599763585,35,397,0.6857142857142857,0.006613756613756613,0.120149100643929
stable_low_uncertainty,shares,BANEP,756,2026-05-15,strict_alpha_gt_2,3.26481524285714,2.1574349396511256,15.113260437376303,12.955825497725177,0.039884936615374844,26,372,0.7307692307692307,0.018518518518518517,0.125546358134017
stable_low_uncertainty,shares,CHMK,756,2026-05-15,strict_alpha_gt_2,3.488328141031168,2.317189369913694,17.32622681635857,15.009037446444877,0.07061668915565855,19,392,0.7368421052631579,0.026455026455026454,0.152230120528931
near_cutoff,shares,ARSA,756,2026-05-15,point_alpha_gt_2_uncertain,2.1033991338123808,1.6747924885033574,4.649927665423563,2.975135176920206,0.007053597334034656,54,382,0.46296296296296297,0.03571428571428571,0.314549101417708
near_cutoff,shares,BSPB,756,2026-05-15,strict_alpha_gt_2,2.7018130033403964,3.5201599643060275,23.016153574581068,19.49599361027504,0.0,33,371,0.7575757575757576,0.0026455026455026454,0.077806404095256
near_cutoff,shares,ASSB,756,2026-05-15,point_alpha_gt_2_uncertain,2.8188937578202777,1.907072363579421,6.892692223829605,4.985619860250184,0.09526519966428015,55,385,0.5818181818181818,0.037037037037037035,0.260138191728128
near_cutoff,shares,BRZL,756,2026-05-15,strict_alpha_gt_2,3.139583129492482,3.0378884312216976,13.16709318876242,10.129204757540723,0.20303959188441567,49,390,0.4897959183673469,0.0291005291005291,0.102954666435942
near_cutoff,shares,DZRDP,756,2026-05-15,strict_alpha_gt_2,3.2472022870483936,2.33217233002654,12.200204900660449,9.86803257063391,0.20920262824115676,26,391,0.7307692307692307,0.06878306878306878,0.14877300859314
near_cutoff,shares,BANEP,756,2026-05-15,strict_alpha_gt_2,3.26481524285714,2.1574349396511256,15.113260437376303,12.955825497725177,0.039884936615374844,26,372,0.7307692307692307,0.018518518518518517,0.125546358134017
near_cutoff,shares,BISVP,756,2026-05-15,strict_alpha_gt_2,3.382107141190181,2.725484398455991,28.37801345387622,25.65252905542023,0.2478177665798924,28,393,0.6428571428571429,0.03042328042328042,0.122316321804383
near_cutoff,shares,CHMK,756,2026-05-15,strict_alpha_gt_2,3.488328141031168,2.317189369913694,17.32622681635857,15.009037446444877,0.07061668915565855,19,392,0.7368421052631579,0.026455026455026454,0.152230120528931
near_cutoff,shares,FEES,756,2026-05-15,strict_alpha_gt_2,3.6444724819996064,2.6575938551810077,14.966639592000552,12.309045736819545,0.06643480599763585,35,397,0.6857142857142857,0.006613756613756613,0.120149100643929
near_cutoff,shares,ALRS,756,2026-05-15,strict_alpha_gt_2,3.859989561144022,2.2492835083373626,9.301173470724505,7.0518899623871425,0.12555314473610935,20,396,0.8,0.005291005291005291,0.0980874395888364
unstable_high_uncertainty,shares,CNTLP,756,2026-05-15,strict_alpha_gt_2,5.775903952332597,3.238568533830524,33.554737385807634,30.31616885197711,1.9784731830613875,15,386,0.7333333333333333,0.07275132275132275,0.103493637826898
unstable_high_uncertainty,shares,CHMF,756,2026-05-15,strict_alpha_gt_2,8.356571486965516,3.588344024510901,32.05079918885237,28.46245516434147,0.5697448821177726,18,374,0.6666666666666666,0.009259259259259259,0.0597192347016223
unstable_high_uncertainty,shares,DIOD,756,2026-05-15,strict_alpha_gt_2,5.211015706131597,3.1796337745427414,30.356767048719153,27.177133274176413,2.768196688052867,53,398,0.660377358490566,0.021164021164021163,0.111649423787283
unstable_high_uncertainty,shares,AFKS,756,2026-05-15,strict_alpha_gt_2,8.907109843658603,4.2798153436977735,31.097887522427197,26.818072178729423,5.024935342836779,37,385,0.5135135135135135,0.005291005291005291,0.0955272849790653
unstable_high_uncertainty,shares,BISVP,756,2026-05-15,strict_alpha_gt_2,3.382107141190181,2.725484398455991,28.37801345387622,25.65252905542023,0.2478177665798924,28,393,0.6428571428571429,0.03042328042328042,0.122316321804383
unstable_high_uncertainty,shares,CNTL,756,2026-05-15,strict_alpha_gt_2,3.8902145077482486,2.660715729704367,26.798980900998362,24.138265171293995,0.06427871484257386,17,380,0.5294117647058824,0.05291005291005291,0.116533816255952
unstable_high_uncertainty,shares,AMEZ,756,2026-05-15,strict_alpha_gt_2,4.1938205294200985,2.2684643173383074,24.387968005676516,22.11950368833821,0.07091017436581915,18,232,0.5555555555555556,0.3968253968253968,0.164506930638788
unstable_high_uncertainty,shares,BSPB,756,2026-05-15,strict_alpha_gt_2,2.7018130033403964,3.5201599643060275,23.016153574581068,19.49599361027504,0.0,33,371,0.7575757575757576,0.0026455026455026454,0.077806404095256
unstable_high_uncertainty,shares,BANE,756,2026-05-15,strict_alpha_gt_2,4.2014378037944375,2.3817461186498305,18.874783494376864,16.493037375727035,0.03904498615981922,28,377,0.7142857142857143,0.011904761904761904,0.135131155963779
unstable_high_uncertainty,shares,AKRN,756,2026-05-15,strict_alpha_gt_2,7.310994298547454,2.492532973269599,17.900162466416262,15.407629493146663,0.2723026714583128,35,362,0.7428571428571429,0.02513227513227513,0.0668189349389958
stable_low_uncertainty,shares,ARSA,1008,2026-05-15,point_alpha_gt_2_uncertain,2.0663351792359483,1.6339989758591353,4.074685668177285,2.4406866923181494,0.0307772382525493,45,503,0.4666666666666667,0.04265873015873016,0.314549101417708
stable_low_uncertainty,shares,AKRN,1008,2026-05-15,strict_alpha_gt_2,2.6320678526463555,2.2298735004164447,6.487008990202588,4.257135489786143,0.12210338393766662,67,478,0.47761194029850745,0.022817460317460316,0.0668189349389958
stable_low_uncertainty,shares,CNTL,1008,2026-05-15,strict_alpha_gt_2,2.9694380122107282,2.2872201905142218,7.0517955584351935,4.764575367920972,0.08204969342596691,65,509,0.5384615384615384,0.0496031746031746,0.137741925160866
stable_low_uncertainty,shares,ASSB,1008,2026-05-15,strict_alpha_gt_2,2.6623087342774414,2.018816397445158,9.559106331914169,7.540289934469011,0.06794733316619617,46,514,0.6086956521739131,0.03273809523809524,0.260138191728128
stable_low_uncertainty,shares,DVEC,1008,2026-05-15,strict_alpha_gt_2,4.0944789805545065,2.7512986372530994,10.91433131565665,8.16303267840355,1.7348697814308869,61,510,0.4918032786885246,0.01488095238095238,0.136687061974071
stable_low_uncertainty,shares,DIOD,1008,2026-05-15,strict_alpha_gt_2,3.95566768507015,2.8010879998430736,10.980935964396071,8.179847964552998,1.0374620980753742,72,514,0.625,0.026785714285714284,0.152676840208958
stable_low_uncertainty,shares,BRZL,1008,2026-05-15,strict_alpha_gt_2,3.7577816613030772,2.692705811163981,11.790290398895376,9.097584587731395,0.8528355974944586,58,519,0.4827586206896552,0.02976190476190476,0.153492135187061
stable_low_uncertainty,shares,CNTLP,1008,2026-05-15,strict_alpha_gt_2,3.0633814931464824,2.300175522900647,11.779660555694937,9.47948503279429,0.0746459480423236,32,507,0.5625,0.07341269841269842,0.190942299837862
stable_low_uncertainty,shares,DZRDP,1008,2026-05-15,strict_alpha_gt_2,3.508099440031756,2.460175540074269,12.15697060570738,9.696795065633111,0.025056940738850564,31,487,0.7419354838709677,0.09424603174603174,0.14877300859314
stable_low_uncertainty,shares,BANEP,1008,2026-05-15,strict_alpha_gt_2,3.9765845780756806,2.5372921294131543,13.107627559461621,10.570335430048466,0.09712643066460291,35,471,0.6571428571428571,0.018849206349206348,0.125546358134017
near_cutoff,shares,ARSA,1008,2026-05-15,point_alpha_gt_2_uncertain,2.0663351792359483,1.6339989758591353,4.074685668177285,2.4406866923181494,0.0307772382525493,45,503,0.4666666666666667,0.04265873015873016,0.314549101417708
near_cutoff,shares,AKRN,1008,2026-05-15,strict_alpha_gt_2,2.6320678526463555,2.2298735004164447,6.487008990202588,4.257135489786143,0.12210338393766662,67,478,0.47761194029850745,0.022817460317460316,0.0668189349389958
near_cutoff,shares,ASSB,1008,2026-05-15,strict_alpha_gt_2,2.6623087342774414,2.018816397445158,9.559106331914169,7.540289934469011,0.06794733316619617,46,514,0.6086956521739131,0.03273809523809524,0.260138191728128
near_cutoff,shares,BISVP,1008,2026-05-15,strict_alpha_gt_2,2.8142190277774737,2.0568865738774744,14.163028925729465,12.106142351851991,0.08837485419852031,30,496,0.6666666666666666,0.034722222222222224,0.160773220587752
near_cutoff,shares,CNTL,1008,2026-05-15,strict_alpha_gt_2,2.9694380122107282,2.2872201905142218,7.0517955584351935,4.764575367920972,0.08204969342596691,65,509,0.5384615384615384,0.0496031746031746,0.137741925160866
near_cutoff,shares,CHMF,1008,2026-05-15,point_alpha_gt_2_uncertain,2.9786073279219516,1.841260476666783,13.188733803424835,11.347473326758053,0.06615084748172118,59,498,0.5423728813559322,0.007936507936507936,0.165676479025459
near_cutoff,shares,CNTLP,1008,2026-05-15,strict_alpha_gt_2,3.0633814931464824,2.300175522900647,11.779660555694937,9.47948503279429,0.0746459480423236,32,507,0.5625,0.07341269841269842,0.190942299837862
near_cutoff,shares,DZRDP,1008,2026-05-15,strict_alpha_gt_2,3.508099440031756,2.460175540074269,12.15697060570738,9.696795065633111,0.025056940738850564,31,487,0.7419354838709677,0.09424603174603174,0.14877300859314
near_cutoff,shares,FEES,1008,2026-05-15,strict_alpha_gt_2,3.7167366899699257,2.618130579343874,13.679813053341283,11.061682473997408,0.013667756187324631,37,524,0.6486486486486487,0.01984126984126984,0.120149100643929
near_cutoff,shares,BRZL,1008,2026-05-15,strict_alpha_gt_2,3.7577816613030772,2.692705811163981,11.790290398895376,9.097584587731395,0.8528355974944586,58,519,0.4827586206896552,0.02976190476190476,0.153492135187061
unstable_high_uncertainty,shares,BANE,1008,2026-05-15,strict_alpha_gt_2,4.644782407387253,2.69592303249861,34.411514161389064,31.715591128890456,0.3740058181032966,43,487,0.6511627906976745,0.012896825396825396,0.135131155963779
unstable_high_uncertainty,shares,AFKS,1008,2026-05-15,strict_alpha_gt_2,4.686776828506447,3.192301729178783,32.36159535458305,29.16929362540427,0.5893693327221348,45,501,0.5333333333333333,0.007936507936507936,0.1189393279417
unstable_high_uncertainty,shares,CHMK,1008,2026-05-15,strict_alpha_gt_2,4.69946567465507,2.419673477799582,26.089414614719495,23.669741136919914,0.4273766941921391,32,521,0.65625,0.02976190476190476,0.152230120528931
unstable_high_uncertainty,shares,AMEZ,1008,2026-05-15,strict_alpha_gt_2,5.077797993186186,2.6455597988468615,20.562123431543327,17.916563632696466,0.19822493584943235,25,360,0.56,0.3005952380952381,0.164506930638788
unstable_high_uncertainty,shares,APTK,1008,2026-05-15,strict_alpha_gt_2,5.691135984095011,3.431351420432283,17.299582601618436,13.868231181186154,2.693867419811953,43,538,0.6511627906976745,0.00992063492063492,0.0850552494970807
unstable_high_uncertainty,shares,ALRS,1008,2026-05-15,strict_alpha_gt_2,4.326811277912346,2.6240549798492547,15.816321922732108,13.192266942882853,0.016636365390361618,31,526,0.7419354838709677,0.007936507936507936,0.0980874395888364
unstable_high_uncertainty,shares,BSPB,1008,2026-05-15,strict_alpha_gt_2,3.8270508696384975,2.6793387434650997,15.283378558157075,12.604039814691976,0.7645156870273024,61,494,0.6557377049180327,0.002976190476190476,0.109154854433045
unstable_high_uncertainty,shares,BISVP,1008,2026-05-15,strict_alpha_gt_2,2.8142190277774737,2.0568865738774744,14.163028925729465,12.106142351851991,0.08837485419852031,30,496,0.6666666666666666,0.034722222222222224,0.160773220587752
unstable_high_uncertainty,shares,CHMF,1008,2026-05-15,point_alpha_gt_2_uncertain,2.9786073279219516,1.841260476666783,13.188733803424835,11.347473326758053,0.06615084748172118,59,498,0.5423728813559322,0.007936507936507936,0.165676479025459
unstable_high_uncertainty,shares,FEES,1008,2026-05-15,strict_alpha_gt_2,3.7167366899699257,2.618130579343874,13.679813053341283,11.061682473997408,0.013667756187324631,37,524,0.6486486486486487,0.01984126984126984,0.120149100643929
