market,period,window,horizon,tail_prob,variable,aux_r2,vif
bonds,baseline_2018,252,21,0.025,dq_es,0.7845615631604222,4.641697250823592
bonds,baseline_2018,252,21,0.025,dr_es_concentration,0.817221509841897,5.4711032963178665
bonds,baseline_2018,252,21,0.025,current_es,0.9690130727590766,32.271673542361825
bonds,baseline_2018,252,21,0.025,current_rv_ann,0.9654531893114003,28.946232085325228
bonds,baseline_2018,252,21,0.025,current_hill_alpha,0.4417292449685698,1.7912455398880796
bonds,baseline_2018,252,21,0.025,n_assets,0.06722019948842362,1.0720643815952673
bonds,baseline_2018,252,21,0.05,dq_es,0.9155712315935969,11.84430400768655
bonds,baseline_2018,252,21,0.05,dr_es_concentration,0.9195575107420318,12.431241365407473
bonds,baseline_2018,252,21,0.05,current_es,0.9727626869101363,36.71434097411573
bonds,baseline_2018,252,21,0.05,current_rv_ann,0.9615865558483355,26.032552458763824
bonds,baseline_2018,252,21,0.05,current_hill_alpha,0.5384719595216881,2.166715588859204
bonds,baseline_2018,252,21,0.05,n_assets,0.07390273612509579,1.079800188390448
bonds,baseline_2018,252,63,0.025,dq_es,0.7952433498259521,4.883846259205632
bonds,baseline_2018,252,63,0.025,dr_es_concentration,0.7993165161956963,4.9829710997799355
bonds,baseline_2018,252,63,0.025,current_es,0.9703707840337552,33.75047119502771
bonds,baseline_2018,252,63,0.025,current_rv_ann,0.9685261032672242,31.772360711809668
bonds,baseline_2018,252,63,0.025,current_hill_alpha,0.5094330605038753,2.0384577913610085
bonds,baseline_2018,252,63,0.025,n_assets,0.04195044255185387,1.043787340879936
bonds,baseline_2018,252,63,0.05,dq_es,0.9221155474951068,12.839533024093273
bonds,baseline_2018,252,63,0.05,dr_es_concentration,0.9205152301237807,12.58102654832225
bonds,baseline_2018,252,63,0.05,current_es,0.973095926264808,37.16909230336912
bonds,baseline_2018,252,63,0.05,current_rv_ann,0.9624649342395619,26.64175431001906
bonds,baseline_2018,252,63,0.05,current_hill_alpha,0.5489603964337275,2.217100210476456
bonds,baseline_2018,252,63,0.05,n_assets,0.042092775224959134,1.043942434231921
bonds,baseline_2018,504,21,0.025,dq_es,0.955601697316867,22.52338354321596
bonds,baseline_2018,504,21,0.025,dr_es_concentration,0.9573808242709954,23.463616620803066
bonds,baseline_2018,504,21,0.025,current_es,0.9814002442846401,53.764146976091155
bonds,baseline_2018,504,21,0.025,current_rv_ann,0.9809503102517125,52.49429325167346
bonds,baseline_2018,504,21,0.025,current_hill_alpha,0.7313813687090318,3.722749964118454
bonds,baseline_2018,504,21,0.025,n_assets,0.15596611107742808,1.1847865507823652
bonds,baseline_2018,504,21,0.05,dq_es,0.948529046608828,19.42843359438362
bonds,baseline_2018,504,21,0.05,dr_es_concentration,0.9236772088476335,13.102246195420927
bonds,baseline_2018,504,21,0.05,current_es,0.9677385134075039,30.996711733444965
bonds,baseline_2018,504,21,0.05,current_rv_ann,0.9635542789585714,27.438063273965106
bonds,baseline_2018,504,21,0.05,current_hill_alpha,0.7272791678374049,3.666753258525567
bonds,baseline_2018,504,21,0.05,n_assets,0.08593489680846822,1.0940139783352625
bonds,baseline_2018,504,63,0.025,dq_es,0.9597725080030336,24.85862156346737
bonds,baseline_2018,504,63,0.025,dr_es_concentration,0.9578534153308378,23.726714936683337
bonds,baseline_2018,504,63,0.025,current_es,0.9802376205917835,50.6011942865664
bonds,baseline_2018,504,63,0.025,current_rv_ann,0.9804056896812435,51.035223171022224
bonds,baseline_2018,504,63,0.025,current_hill_alpha,0.746619046701368,3.9466265596586148
bonds,baseline_2018,504,63,0.025,n_assets,0.1639869225746401,1.196153537549514
bonds,baseline_2018,504,63,0.05,dq_es,0.9488465425028819,19.549020710014346
bonds,baseline_2018,504,63,0.05,dr_es_concentration,0.9202485812622618,12.538961887167062
bonds,baseline_2018,504,63,0.05,current_es,0.9679861780317168,31.236507811867103
bonds,baseline_2018,504,63,0.05,current_rv_ann,0.9641256628163968,27.875079472048377
bonds,baseline_2018,504,63,0.05,current_hill_alpha,0.7627957502115724,4.2157760701671325
bonds,baseline_2018,504,63,0.05,n_assets,0.10538782768568111,1.1178028099182329
bonds,covid_2020_2021,252,21,0.025,dq_es,-51.333333333333336,0.01910828025477707
bonds,covid_2020_2021,252,21,0.025,dr_es_concentration,0.9106328704466292,11.189796572830414
bonds,covid_2020_2021,252,21,0.025,current_es,0.9957260167791785,233.97377769952698
bonds,covid_2020_2021,252,21,0.025,current_rv_ann,0.9958137098203019,238.87498407292045
bonds,covid_2020_2021,252,21,0.025,current_hill_alpha,0.7738988809107812,4.42279986949292
bonds,covid_2020_2021,252,21,0.025,n_assets,-inf,0.0
bonds,covid_2020_2021,252,21,0.05,dq_es,-780.1666666666666,0.0012801365478984426
bonds,covid_2020_2021,252,21,0.05,dr_es_concentration,0.7609390573770727,4.183033786398591
bonds,covid_2020_2021,252,21,0.05,current_es,0.993957191465825,165.4859647371763
bonds,covid_2020_2021,252,21,0.05,current_rv_ann,0.9935806800931318,155.77974217020687
bonds,covid_2020_2021,252,21,0.05,current_hill_alpha,0.7912899654568535,4.791336469226018
bonds,covid_2020_2021,252,21,0.05,n_assets,-inf,0.0
bonds,full_2015,252,21,0.025,dq_es,0.6015494695413932,2.5097218438861773
bonds,full_2015,252,21,0.025,dr_es_concentration,0.7946888419583165,4.870655884162778
bonds,full_2015,252,21,0.025,current_es,0.9769885430143944,43.45661383481857
bonds,full_2015,252,21,0.025,current_rv_ann,0.9749032403750909,39.84578148517141
bonds,full_2015,252,21,0.025,current_hill_alpha,0.5867060551276597,2.4195854122878178
bonds,full_2015,252,21,0.025,n_assets,-inf,0.0
bonds,full_2015,252,21,0.05,dq_es,0.8579269590112136,7.038633037206043
bonds,full_2015,252,21,0.05,dr_es_concentration,0.8621470364709195,7.254105928517431
bonds,full_2015,252,21,0.05,current_es,0.971919121439084,35.611421410149056
bonds,full_2015,252,21,0.05,current_rv_ann,0.9628758223030057,26.936623570815524
bonds,full_2015,252,21,0.05,current_hill_alpha,0.5710503330075746,2.3312758511073945
bonds,full_2015,252,21,0.05,n_assets,-inf,0.0
bonds,full_2015,252,63,0.025,dq_es,0.5970308488499874,2.4815795381511268
bonds,full_2015,252,63,0.025,dr_es_concentration,0.7850003290963322,4.651169910153293
bonds,full_2015,252,63,0.025,current_es,0.9750246885899667,40.03954079220297
bonds,full_2015,252,63,0.025,current_rv_ann,0.9739634037170595,38.40747804102226
bonds,full_2015,252,63,0.025,current_hill_alpha,0.5870208373510613,2.421429675981183
bonds,full_2015,252,63,0.025,n_assets,-inf,0.0
bonds,full_2015,252,63,0.05,dq_es,0.8484982642703897,6.600584443367235
bonds,full_2015,252,63,0.05,dr_es_concentration,0.8545919874432221,6.8772001103414215
bonds,full_2015,252,63,0.05,current_es,0.9711589145561231,34.67275883031323
bonds,full_2015,252,63,0.05,current_rv_ann,0.9615659281641061,26.01858070801888
bonds,full_2015,252,63,0.05,current_hill_alpha,0.5702828084652884,2.327111923143113
bonds,full_2015,252,63,0.05,n_assets,-inf,0.0
bonds,full_2015,504,21,0.025,dq_es,0.8287218454577623,5.838456180664867
bonds,full_2015,504,21,0.025,dr_es_concentration,0.8954161986894371,9.561710202428841
bonds,full_2015,504,21,0.025,current_es,0.9835452080964454,60.772570437914716
bonds,full_2015,504,21,0.025,current_rv_ann,0.983569553321932,60.86261801602977
bonds,full_2015,504,21,0.025,current_hill_alpha,0.7199386972928985,3.57064682029933
bonds,full_2015,504,21,0.025,n_assets,-inf,0.0
bonds,full_2015,504,21,0.05,dq_es,0.9125620615334284,11.436683178232874
bonds,full_2015,504,21,0.05,dr_es_concentration,0.9210594688208553,12.667763759159886
bonds,full_2015,504,21,0.05,current_es,0.982776933542105,58.061669938085025
bonds,full_2015,504,21,0.05,current_rv_ann,0.973187261574916,37.29570565103017
bonds,full_2015,504,21,0.05,current_hill_alpha,0.7077708871725338,3.4219725417652205
bonds,full_2015,504,21,0.05,n_assets,-inf,0.0
bonds,full_2015,504,63,0.025,dq_es,0.8183428891209641,5.504876716144035
bonds,full_2015,504,63,0.025,dr_es_concentration,0.8892317810274304,9.027860240739608
bonds,full_2015,504,63,0.025,current_es,0.9839793189619916,62.41931898073149
bonds,full_2015,504,63,0.025,current_rv_ann,0.984223405196081,63.38503412356086
bonds,full_2015,504,63,0.025,current_hill_alpha,0.7188329065165201,3.5566039667396407
bonds,full_2015,504,63,0.025,n_assets,-inf,0.0
bonds,full_2015,504,63,0.05,dq_es,0.9101749755657912,11.132755112495818
bonds,full_2015,504,63,0.05,dr_es_concentration,0.9147095545947688,11.72464272227456
bonds,full_2015,504,63,0.05,current_es,0.9822085922486805,56.2069069506788
bonds,full_2015,504,63,0.05,current_rv_ann,0.9734874714649621,37.718016924656524
bonds,full_2015,504,63,0.05,current_hill_alpha,0.7090761091496325,3.437325126778039
bonds,full_2015,504,63,0.05,n_assets,-inf,0.0
bonds,post_2024,252,21,0.025,dq_es,-inf,0.0
bonds,post_2024,252,21,0.025,dr_es_concentration,0.8129486657737609,5.346125993362321
bonds,post_2024,252,21,0.025,current_es,0.8664849354495052,7.48979153301315
bonds,post_2024,252,21,0.025,current_rv_ann,0.6207568368352974,2.636830659398617
bonds,post_2024,252,21,0.025,current_hill_alpha,0.5981833805917158,2.4886974597332525
bonds,post_2024,252,21,0.025,n_assets,-inf,0.0
bonds,post_2024,252,21,0.05,dq_es,-inf,0.0
bonds,post_2024,252,21,0.05,dr_es_concentration,0.7583124467066514,4.137573434682624
bonds,post_2024,252,21,0.05,current_es,0.8145212593359438,5.3914534701916335
bonds,post_2024,252,21,0.05,current_rv_ann,0.6474141297791587,2.8361885272760716
bonds,post_2024,252,21,0.05,current_hill_alpha,0.5496269883462686,2.2203817149879495
bonds,post_2024,252,21,0.05,n_assets,-inf,0.0
bonds,post_2024,252,63,0.025,dq_es,-2.107142857142857,0.3218390804597701
bonds,post_2024,252,63,0.025,dr_es_concentration,0.8616888975977818,7.23007757607145
bonds,post_2024,252,63,0.025,current_es,0.9015598808266873,10.15845986776397
bonds,post_2024,252,63,0.025,current_rv_ann,0.704112732634016,3.3796655358038654
bonds,post_2024,252,63,0.025,current_hill_alpha,0.6065557719979289,2.5416562979664197
bonds,post_2024,252,63,0.025,n_assets,-inf,0.0
bonds,post_2024,252,63,0.05,dq_es,-30.482142857142858,0.03176403857061826
bonds,post_2024,252,63,0.05,dr_es_concentration,0.8198803444718241,5.551864937047758
bonds,post_2024,252,63,0.05,current_es,0.8736973775486929,7.917491977536142
bonds,post_2024,252,63,0.05,current_rv_ann,0.7328880472342664,3.743748602957631
bonds,post_2024,252,63,0.05,current_hill_alpha,0.5720261094790318,2.3365911382647906
bonds,post_2024,252,63,0.05,n_assets,-inf,0.0
bonds,shock_2022_2023,252,21,0.025,dq_es,-2062.0833333333335,0.0004847113947570384
bonds,shock_2022_2023,252,21,0.025,dr_es_concentration,0.9935917154386242,156.0480016800806
bonds,shock_2022_2023,252,21,0.025,current_es,0.9992110170385877,1267.4544938334327
bonds,shock_2022_2023,252,21,0.025,current_rv_ann,0.9979776057106419,494.46342153061585
bonds,shock_2022_2023,252,21,0.025,current_hill_alpha,0.9105419016069405,11.17841780635909
bonds,shock_2022_2023,252,21,0.025,n_assets,-inf,0.0
bonds,shock_2022_2023,252,21,0.05,dq_es,-191.58333333333334,0.005192557334487234
bonds,shock_2022_2023,252,21,0.05,dr_es_concentration,0.9775980230507025,44.63891746086992
bonds,shock_2022_2023,252,21,0.05,current_es,0.9985181295874027,674.8228397699717
bonds,shock_2022_2023,252,21,0.05,current_rv_ann,0.9971926652842616,356.20975097620016
bonds,shock_2022_2023,252,21,0.05,current_hill_alpha,0.9004123038072629,10.041401078951052
bonds,shock_2022_2023,252,21,0.05,n_assets,-inf,0.0
shares,baseline_2018,252,21,0.025,dq_es,0.9360717594701617,15.64253906742911
shares,baseline_2018,252,21,0.025,dr_es_concentration,0.7968195524597363,4.921733425170417
shares,baseline_2018,252,21,0.025,current_es,0.9901394909438365,101.41464241898619
shares,baseline_2018,252,21,0.025,current_rv_ann,0.9756526227475096,41.07218570730099
shares,baseline_2018,252,21,0.025,current_hill_alpha,0.6257716291280951,2.67216512118022
shares,baseline_2018,252,21,0.025,n_assets,-inf,0.0
shares,baseline_2018,252,21,0.05,dq_es,0.8796392121963972,8.30835372755899
shares,baseline_2018,252,21,0.05,dr_es_concentration,0.8522851630579449,6.769800655788391
shares,baseline_2018,252,21,0.05,current_es,0.9878665279846068,82.41664040856129
shares,baseline_2018,252,21,0.05,current_rv_ann,0.974710426104413,39.54198691242089
shares,baseline_2018,252,21,0.05,current_hill_alpha,0.6125199209155634,2.5807778360189917
shares,baseline_2018,252,21,0.05,n_assets,-inf,0.0
shares,baseline_2018,252,63,0.025,dq_es,0.9355070499205059,15.505570744824032
shares,baseline_2018,252,63,0.025,dr_es_concentration,0.7981618745805115,4.954465356441745
shares,baseline_2018,252,63,0.025,current_es,0.9901414648733046,101.43494820971425
shares,baseline_2018,252,63,0.025,current_rv_ann,0.975729178747737,41.2017372468087
shares,baseline_2018,252,63,0.025,current_hill_alpha,0.6205824121395733,2.6356184636539886
shares,baseline_2018,252,63,0.025,n_assets,-inf,0.0
shares,baseline_2018,252,63,0.05,dq_es,0.8779194546057907,8.191313339655455
shares,baseline_2018,252,63,0.05,dr_es_concentration,0.8535434958571031,6.827965789926986
shares,baseline_2018,252,63,0.05,current_es,0.9878896731243529,82.5741542956139
shares,baseline_2018,252,63,0.05,current_rv_ann,0.9747840979977059,39.65751452829342
shares,baseline_2018,252,63,0.05,current_hill_alpha,0.6061695742724782,2.5391639006882287
shares,baseline_2018,252,63,0.05,n_assets,-inf,0.0
shares,baseline_2018,504,21,0.025,dq_es,0.9383666744737154,16.224988534385215
shares,baseline_2018,504,21,0.025,dr_es_concentration,0.78931769017897,4.746482990667219
shares,baseline_2018,504,21,0.025,current_es,0.9872448916303666,78.39996109956512
shares,baseline_2018,504,21,0.025,current_rv_ann,0.9805351652186072,51.37469756259827
shares,baseline_2018,504,21,0.025,current_hill_alpha,0.910332183300254,11.152273321748368
shares,baseline_2018,504,21,0.025,n_assets,-inf,0.0
shares,baseline_2018,504,21,0.05,dq_es,0.9548967613216576,22.17135685380788
shares,baseline_2018,504,21,0.05,dr_es_concentration,0.8854208118922524,8.727588461000643
shares,baseline_2018,504,21,0.05,current_es,0.9796294463595362,49.09046742910378
shares,baseline_2018,504,21,0.05,current_rv_ann,0.9733612001922293,37.53922876466427
shares,baseline_2018,504,21,0.05,current_hill_alpha,0.9454911182112296,18.345634090883394
shares,baseline_2018,504,21,0.05,n_assets,-inf,0.0
shares,baseline_2018,504,63,0.025,dq_es,0.9379688042003973,16.12092088681619
shares,baseline_2018,504,63,0.025,dr_es_concentration,0.7888131358680195,4.735142993434731
shares,baseline_2018,504,63,0.025,current_es,0.9870830091612053,77.41741187867173
shares,baseline_2018,504,63,0.025,current_rv_ann,0.9806048257897271,51.55921721344148
shares,baseline_2018,504,63,0.025,current_hill_alpha,0.905394766677445,10.570239772999834
shares,baseline_2018,504,63,0.025,n_assets,-inf,0.0
shares,baseline_2018,504,63,0.05,dq_es,0.9544473358107401,21.95261282293505
shares,baseline_2018,504,63,0.05,dr_es_concentration,0.8854889051350872,8.732778262051255
shares,baseline_2018,504,63,0.05,current_es,0.9796379608876626,49.11099494913061
shares,baseline_2018,504,63,0.05,current_rv_ann,0.9733490085987608,37.52205630720004
shares,baseline_2018,504,63,0.05,current_hill_alpha,0.9429705802752508,17.5348093111673
shares,baseline_2018,504,63,0.05,n_assets,-inf,0.0
shares,covid_2020_2021,252,21,0.025,dq_es,0.9520445975490618,20.85270790966818
shares,covid_2020_2021,252,21,0.025,dr_es_concentration,0.9992338084657565,1305.1566812041822
shares,covid_2020_2021,252,21,0.025,current_es,0.9975721070921929,411.8797813463747
shares,covid_2020_2021,252,21,0.025,current_rv_ann,0.998526022808312,678.4365495200284
shares,covid_2020_2021,252,21,0.025,current_hill_alpha,0.9856176114175704,69.52948004906936
shares,covid_2020_2021,252,21,0.025,n_assets,-inf,0.0
shares,covid_2020_2021,252,21,0.05,dq_es,0.9840785732282593,62.80844137504833
shares,covid_2020_2021,252,21,0.05,dr_es_concentration,0.9983750068009654,615.3871909089032
shares,covid_2020_2021,252,21,0.05,current_es,0.9984966924930855,665.1998978256028
shares,covid_2020_2021,252,21,0.05,current_rv_ann,0.9948246649806772,193.22420602074519
shares,covid_2020_2021,252,21,0.05,current_hill_alpha,0.9139627362846926,11.622870798273471
shares,covid_2020_2021,252,21,0.05,n_assets,-inf,0.0
shares,full_2015,252,21,0.025,dq_es,0.9241023504603396,13.175638587825425
shares,full_2015,252,21,0.025,dr_es_concentration,0.8365490392593055,6.118042962050508
shares,full_2015,252,21,0.025,current_es,0.9920346888221548,125.54437330476375
shares,full_2015,252,21,0.025,current_rv_ann,0.9821331077808688,55.969442684007376
shares,full_2015,252,21,0.025,current_hill_alpha,0.6252044291220491,2.668121177786388
shares,full_2015,252,21,0.025,n_assets,-inf,0.0
shares,full_2015,252,21,0.05,dq_es,0.8298053701201304,5.875626044757356
shares,full_2015,252,21,0.05,dr_es_concentration,0.8802339432925104,8.349611129323126
shares,full_2015,252,21,0.05,current_es,0.988495434920201,86.92201687449356
shares,full_2015,252,21,0.05,current_rv_ann,0.9776787775440408,44.80041368581152
shares,full_2015,252,21,0.05,current_hill_alpha,0.5446509831914941,2.1961176220581224
shares,full_2015,252,21,0.05,n_assets,-inf,0.0
shares,full_2015,252,63,0.025,dq_es,0.923817604755955,13.126392216949458
shares,full_2015,252,63,0.025,dr_es_concentration,0.8373068597008569,6.146540648003382
shares,full_2015,252,63,0.025,current_es,0.9920514388003021,125.80893256983518
shares,full_2015,252,63,0.025,current_rv_ann,0.9821827918743493,56.125516015067596
shares,full_2015,252,63,0.025,current_hill_alpha,0.6209220213301783,2.637979667162369
shares,full_2015,252,63,0.025,n_assets,-inf,0.0
shares,full_2015,252,63,0.05,dq_es,0.82911516852169,5.8518944680407605
shares,full_2015,252,63,0.05,dr_es_concentration,0.8805803662956295,8.373832417503072
shares,full_2015,252,63,0.05,current_es,0.988514479770217,87.06614763577788
shares,full_2015,252,63,0.05,current_rv_ann,0.9777184162644876,44.88011318541065
shares,full_2015,252,63,0.05,current_hill_alpha,0.5383786808730582,2.1662777661380255
shares,full_2015,252,63,0.05,n_assets,-inf,0.0
shares,full_2015,504,21,0.025,dq_es,0.955190473829402,22.31668320242484
shares,full_2015,504,21,0.025,dr_es_concentration,0.8948687367141464,9.511918422220262
shares,full_2015,504,21,0.025,current_es,0.9916421254611278,119.64764430825541
shares,full_2015,504,21,0.025,current_rv_ann,0.988680124734778,88.34019603310394
shares,full_2015,504,21,0.025,current_hill_alpha,0.9242817316680554,13.206852481306841
shares,full_2015,504,21,0.025,n_assets,-inf,0.0
shares,full_2015,504,21,0.05,dq_es,0.9731386171481677,37.228165262972986
shares,full_2015,504,21,0.05,dr_es_concentration,0.9632431857155737,27.205839773325906
shares,full_2015,504,21,0.05,current_es,0.9876542336895177,80.99942724097542
shares,full_2015,504,21,0.05,current_rv_ann,0.98304658562252,58.98516828140215
shares,full_2015,504,21,0.05,current_hill_alpha,0.9468129719510578,18.801576938643954
shares,full_2015,504,21,0.05,n_assets,-inf,0.0
shares,full_2015,504,63,0.025,dq_es,0.9547172304541497,22.083454921799046
shares,full_2015,504,63,0.025,dr_es_concentration,0.8974292324427972,9.7493664502638
shares,full_2015,504,63,0.025,current_es,0.9918065414558654,122.04858236768268
shares,full_2015,504,63,0.025,current_rv_ann,0.9888896688935714,90.00631848148872
shares,full_2015,504,63,0.025,current_hill_alpha,0.9197599766375207,12.4626085349273
shares,full_2015,504,63,0.025,n_assets,-inf,0.0
shares,full_2015,504,63,0.05,dq_es,0.9741350319128009,38.66233264346898
shares,full_2015,504,63,0.05,dr_es_concentration,0.9651293072579548,28.677376942220963
shares,full_2015,504,63,0.05,current_es,0.9879954537472686,83.3017740901677
shares,full_2015,504,63,0.05,current_rv_ann,0.9836326612864977,61.09728756178597
shares,full_2015,504,63,0.05,current_hill_alpha,0.9451602030327468,18.234932572728823
shares,full_2015,504,63,0.05,n_assets,-inf,0.0
shares,post_2024,252,21,0.025,dq_es,-inf,0.0
shares,post_2024,252,21,0.025,dr_es_concentration,0.8202930643132388,5.564615501223911
shares,post_2024,252,21,0.025,current_es,0.8899649833181851,9.088016071208232
shares,post_2024,252,21,0.025,current_rv_ann,0.8012142158244867,5.030540811293997
shares,post_2024,252,21,0.025,current_hill_alpha,0.6343863864240131,2.7351279133706714
shares,post_2024,252,21,0.025,n_assets,-inf,0.0
shares,post_2024,252,21,0.05,dq_es,0.6639546186756962,2.9757885558764468
shares,post_2024,252,21,0.05,dr_es_concentration,0.961719039915068,26.12264681401281
shares,post_2024,252,21,0.05,current_es,0.9696703275167924,32.97101215166969
shares,post_2024,252,21,0.05,current_rv_ann,0.8375923434602293,6.157345172671202
shares,post_2024,252,21,0.05,current_hill_alpha,0.670680216423087,3.0365621801960425
shares,post_2024,252,21,0.05,n_assets,-inf,0.0
shares,post_2024,252,63,0.025,dq_es,-104.19642857142857,0.009506026141571889
shares,post_2024,252,63,0.025,dr_es_concentration,0.7635252218609265,4.228780793746591
shares,post_2024,252,63,0.025,current_es,0.8836525562270575,8.59494603037044
shares,post_2024,252,63,0.025,current_rv_ann,0.7550283191648599,4.082104497102975
shares,post_2024,252,63,0.025,current_hill_alpha,0.6704626530771394,3.0345574161404043
shares,post_2024,252,63,0.025,n_assets,-inf,0.0
shares,post_2024,252,63,0.05,dq_es,0.6697409848621609,3.0279264279360656
shares,post_2024,252,63,0.05,dr_es_concentration,0.9665573392671483,29.90192700240713
shares,post_2024,252,63,0.05,current_es,0.9766108587804415,42.75488315765007
shares,post_2024,252,63,0.05,current_rv_ann,0.8698536059404065,7.68365506571088
shares,post_2024,252,63,0.05,current_hill_alpha,0.6802485286842419,3.127428924361349
shares,post_2024,252,63,0.05,n_assets,-inf,0.0
shares,shock_2022_2023,252,21,0.025,dq_es,0.9884153845234823,86.32138045729928
shares,shock_2022_2023,252,21,0.025,dr_es_concentration,0.9686272890098553,31.87483543625336
shares,shock_2022_2023,252,21,0.025,current_es,0.9995197850066723,2082.4006203353383
shares,shock_2022_2023,252,21,0.025,current_rv_ann,0.9993259274975056,1483.519942290333
shares,shock_2022_2023,252,21,0.025,current_hill_alpha,0.939390792561241,16.49914331927908
shares,shock_2022_2023,252,21,0.025,n_assets,-inf,0.0
shares,shock_2022_2023,252,21,0.05,dq_es,0.9807600774960794,51.97526132427125
shares,shock_2022_2023,252,21,0.05,dr_es_concentration,0.9117041827176069,11.325564797726924
shares,shock_2022_2023,252,21,0.05,current_es,0.9973694242513829,380.1449171443508
shares,shock_2022_2023,252,21,0.05,current_rv_ann,0.9968643566694041,318.91382232237413
shares,shock_2022_2023,252,21,0.05,current_hill_alpha,0.9679219355754771,31.173950733621105
shares,shock_2022_2023,252,21,0.05,n_assets,-inf,0.0
